age,gender,study_hours_per_day,social_media_hours,netflix_hours,part_time_job,attendance_percentage,sleep_hours,diet_quality,exercise_frequency,parental_education_level,internet_quality,mental_health_rating,extracurricular_participation,exam_score,total_screen_time,lifestyle_score,study_effectivness
23,Female,0.0,1.2,1.1,No,85.0,8.0,Fair,6,Master,Average,8,Yes,56.2,2.3,7.333333333333333,0.0
20,Female,6.9,2.8,2.3,No,97.3,4.6,Good,6,High School,Average,8,No,100.0,5.1,6.2,6.7137
21,Male,1.4,3.1,1.3,No,94.8,8.0,Poor,1,High School,Poor,1,No,34.3,4.4,3.3333333333333335,1.3272
23,Female,1.0,3.9,1.0,No,71.0,9.2,Poor,4,Master,Good,1,Yes,26.8,4.9,4.733333333333333,0.71
19,Female,5.0,4.4,0.5,No,90.9,4.9,Fair,3,Master,Good,1,No,66.4,4.9,2.966666666666667,4.545
24,Male,7.2,1.3,0.0,No,82.9,7.4,Fair,1,Master,Average,4,No,100.0,1.3,4.133333333333334,5.968800000000001
21,Female,5.6,1.5,1.4,Yes,85.8,6.5,Good,2,Master,Poor,4,No,89.8,2.9,4.166666666666667,4.804799999999999
21,Female,4.3,1.0,2.0,Yes,77.7,4.6,Fair,0,Bachelor,Average,8,No,72.6,3.0,4.2,3.3411
23,Female,4.4,2.2,1.7,No,100.0,7.1,Good,3,Bachelor,Good,1,No,78.9,3.9000000000000004,3.6999999999999997,4.4
18,Female,4.8,3.1,1.3,No,95.4,7.5,Good,5,Bachelor,Good,10,Yes,100.0,4.4,7.5,4.5792
19,Female,4.6,3.7,0.8,No,77.6,5.8,Fair,1,,Good,3,No,63.3,4.5,3.266666666666667,3.5695999999999994
23,Male,3.9,2.4,2.5,No,71.7,7.9,Fair,2,Bachelor,Average,1,No,74.4,4.9,3.6333333333333333,2.7963000000000005
19,Female,3.7,2.1,0.4,Yes,81.1,4.5,Fair,1,Bachelor,Good,9,No,76.9,2.5,4.833333333333333,3.0007
19,Female,3.4,2.7,2.7,No,89.3,4.7,Fair,4,Bachelor,Good,10,No,75.8,5.4,6.233333333333333,3.0362
24,Male,2.4,1.5,0.7,No,87.4,6.7,Poor,6,Bachelor,Average,9,No,78.9,2.2,7.233333333333333,2.0976000000000004
21,Male,3.1,5.0,1.0,No,97.5,6.5,Good,6,High School,Average,7,No,74.0,6.0,6.5,3.0225
20,Male,1.0,0.6,0.2,No,92.9,5.6,Poor,3,High School,Poor,8,Yes,55.2,0.8,5.533333333333334,0.929
24,Female,3.4,2.7,1.2,No,94.7,7.5,Poor,0,High School,Average,1,Yes,70.8,3.9000000000000004,2.8333333333333335,3.2198
24,Other,2.0,4.9,2.9,Yes,88.3,7.1,Good,2,High School,Good,5,No,43.9,7.800000000000001,4.7,1.766
19,Male,1.8,2.5,2.4,No,71.1,7.5,Fair,1,High School,Average,2,No,45.3,4.9,3.5,1.2798
22,Female,3.8,2.3,2.9,No,83.0,6.4,Good,3,Master,Good,1,No,58.5,5.199999999999999,3.466666666666667,3.154
21,Male,5.6,2.1,2.4,No,95.6,7.2,Fair,1,High School,Good,3,No,82.5,4.5,3.733333333333333,5.353599999999999
18,Other,4.9,2.3,0.6,No,84.5,6.0,Fair,3,High School,Average,7,No,98.7,2.9,5.333333333333333,4.1405
24,Female,1.1,4.1,1.4,Yes,90.0,9.0,Fair,6,Bachelor,Good,1,No,43.7,5.5,5.333333333333333,0.9900000000000001
20,Female,2.0,0.0,0.9,Yes,81.8,5.5,Fair,4,Bachelor,Average,2,No,54.9,0.9,3.8333333333333335,1.636
22,Male,4.9,4.3,3.3,No,74.7,9.0,Fair,1,High School,Average,2,Yes,69.9,7.6,4.0,3.6603000000000003
22,Male,2.0,0.8,0.5,No,83.8,6.5,Good,4,Bachelor,Poor,4,No,73.5,1.3,4.833333333333333,1.676
18,Male,3.2,2.2,2.8,Yes,88.1,4.8,Fair,5,Bachelor,Average,3,No,71.1,5.0,4.266666666666667,2.8192
24,Male,4.3,2.0,2.8,Yes,78.4,8.1,Good,5,High School,Poor,3,Yes,82.8,4.8,5.366666666666667,3.3712
20,Female,2.0,3.2,3.8,Yes,82.6,6.7,Poor,6,High School,Poor,10,Yes,75.7,7.0,7.566666666666666,1.652
21,Female,3.7,0.6,1.3,No,75.6,7.5,Fair,2,Master,Average,5,No,70.6,1.9,4.833333333333333,2.7971999999999997
17,Other,1.5,3.1,2.6,Yes,96.2,8.0,Fair,4,Bachelor,Average,3,Yes,51.3,5.7,5.0,1.443
20,Other,2.6,4.9,4.3,No,82.1,6.9,Good,3,Bachelor,Good,7,No,52.1,9.2,5.633333333333333,2.1346
18,Female,4.0,0.9,1.1,No,99.5,5.8,Poor,2,,Average,5,No,70.7,2.0,4.266666666666667,3.98
22,Female,1.1,2.7,0.1,No,100.0,7.7,Fair,1,High School,Good,4,No,51.2,2.8000000000000003,4.233333333333333,1.1
21,Female,4.2,1.7,0.0,Yes,84.2,6.5,Good,1,Bachelor,Average,3,No,72.6,1.7,3.5,3.5364000000000004
20,Female,3.5,3.0,2.6,No,74.9,7.3,Fair,3,High School,Good,4,No,70.7,5.6,4.766666666666667,2.6215
17,Male,4.3,2.5,0.0,Yes,64.1,3.9,Good,0,High School,Average,2,No,59.4,2.5,1.9666666666666668,2.7562999999999995
17,Male,3.8,1.7,1.4,No,70.3,7.0,Poor,0,Bachelor,Good,1,No,58.1,3.0999999999999996,2.6666666666666665,2.6713999999999998
19,Male,5.5,3.1,2.3,No,71.3,5.7,Good,1,High School,Average,3,No,82.3,5.4,3.233333333333333,3.9215
19,Female,3.7,4.7,2.0,No,98.8,8.5,Good,6,Bachelor,Good,2,No,69.7,6.7,5.5,3.6556
23,Female,2.9,2.3,2.3,No,86.2,7.2,Good,6,Bachelor,Average,1,No,66.0,4.6,4.733333333333333,2.4998
18,Male,3.7,3.4,2.0,No,88.9,6.8,Fair,3,High School,Poor,1,Yes,63.5,5.4,3.6,3.2893000000000003
24,Female,4.3,0.9,3.2,No,62.8,7.1,Poor,0,Bachelor,Good,2,No,65.7,4.1000000000000005,3.033333333333333,2.7003999999999997
20,Female,3.6,1.4,0.8,No,73.0,5.3,Good,4,High School,Poor,9,No,78.5,2.2,6.1000000000000005,2.628
20,Male,3.6,3.1,1.1,No,93.9,8.4,Fair,1,Bachelor,Average,5,Yes,75.1,4.2,4.8,3.3804000000000003
24,Male,2.4,4.3,1.0,No,87.9,8.9,Poor,5,High School,Average,9,Yes,71.0,5.3,7.633333333333333,2.1096
23,Female,2.5,2.9,2.7,No,83.5,7.0,Good,4,,Good,8,Yes,59.7,5.6,6.333333333333333,2.0875
22,Female,1.4,2.1,2.8,No,90.6,8.4,Fair,3,Bachelor,Good,6,No,52.6,4.9,5.8,1.2683999999999997
22,Female,6.1,2.5,2.3,No,100.0,5.8,Poor,5,High School,Average,1,No,96.5,4.8,3.9333333333333336,6.1
23,Female,1.6,1.0,3.1,No,82.8,5.5,Fair,4,Master,Good,10,Yes,62.0,4.1,6.5,1.3248
22,Female,2.5,3.2,0.5,No,85.7,6.5,Poor,0,High School,Average,5,No,59.7,3.7,3.8333333333333335,2.1425
19,Female,2.4,3.6,3.6,No,86.9,7.0,Fair,6,High School,Average,1,No,48.4,7.2,4.666666666666667,2.0856000000000003
20,Female,4.8,2.0,3.5,No,100.0,6.0,Good,0,Bachelor,Good,7,Yes,70.6,5.5,4.333333333333333,4.8
23,Female,3.1,1.9,2.6,Yes,64.0,7.1,Fair,5,High School,Good,10,No,68.1,4.5,7.366666666666667,1.9840000000000002
20,Male,5.4,2.8,3.8,No,91.8,6.9,Good,2,High School,Good,8,No,87.2,6.6,5.633333333333333,4.9572
24,Male,2.5,2.0,0.0,No,83.9,5.3,Good,6,Bachelor,Average,8,No,66.7,2.0,6.433333333333334,2.0975
17,Male,3.9,2.4,1.2,No,90.7,7.1,Good,1,Bachelor,Average,7,Yes,75.2,3.5999999999999996,5.033333333333333,3.5373
19,Female,2.2,5.0,1.0,No,78.4,7.5,Poor,5,Master,Average,2,Yes,46.4,6.0,4.833333333333333,1.7248
21,Female,6.7,2.2,2.6,No,84.5,6.7,Good,3,Master,Average,5,Yes,97.1,4.800000000000001,4.8999999999999995,5.6615
19,Female,1.7,2.1,0.6,Yes,92.1,7.9,Fair,1,High School,Average,4,No,61.2,2.7,4.3,1.5656999999999999
23,Male,4.0,1.7,2.6,No,100.0,5.0,Fair,4,Bachelor,Good,5,No,75.0,4.3,4.666666666666667,4.0
21,Male,4.5,3.4,3.3,Yes,93.1,7.1,Good,6,High School,Good,10,No,94.7,6.699999999999999,7.7,4.1895
17,Male,4.1,2.3,2.6,Yes,76.5,5.1,Fair,3,Bachelor,Average,9,No,77.6,4.9,5.7,3.1365
23,Male,3.2,1.7,2.1,No,80.8,5.2,Good,3,High School,Poor,4,Yes,68.6,3.8,4.066666666666666,2.5856
18,Female,3.3,4.1,0.7,No,80.5,5.7,Poor,0,Master,Good,8,No,69.6,4.8,4.566666666666666,2.6565
20,Male,3.6,4.2,0.9,No,67.0,5.4,Good,4,Bachelor,Average,8,No,66.5,5.1000000000000005,5.8,2.4120000000000004
17,Male,3.3,1.8,3.2,No,81.7,5.8,Poor,0,Master,Good,2,No,62.2,5.0,2.6,2.6961
20,Female,4.9,0.3,2.7,Yes,92.3,6.2,Good,0,Bachelor,Poor,6,No,82.1,3.0,4.066666666666666,4.5227
22,Male,6.8,3.7,1.8,No,72.3,7.5,Poor,6,Master,Average,5,No,100.0,5.5,6.166666666666667,4.916399999999999
18,Female,2.7,1.7,1.3,No,95.5,6.1,Poor,2,Bachelor,Good,2,Yes,59.7,3.0,3.3666666666666667,2.5785
18,Female,1.4,3.4,0.0,No,89.9,4.6,Fair,0,High School,Poor,10,Yes,55.1,3.4,4.866666666666666,1.2586
17,Male,3.4,0.1,0.6,No,77.7,7.9,Fair,1,High School,Average,4,Yes,77.1,0.7,4.3,2.6418
18,Female,7.4,3.6,3.9,No,83.6,5.5,Fair,3,High School,Average,7,Yes,97.7,7.5,5.166666666666667,6.1864
21,Female,2.3,1.0,0.4,No,100.0,6.4,Fair,6,,Good,1,No,66.9,1.4,4.466666666666667,2.3
18,Female,6.0,3.4,2.0,Yes,92.3,7.0,Fair,0,Bachelor,Good,9,Yes,99.9,5.4,5.333333333333333,5.537999999999999
20,Male,6.0,2.5,2.9,No,85.1,6.7,Poor,5,Bachelor,Average,10,Yes,100.0,5.4,7.233333333333333,5.106
20,Female,2.7,1.4,0.4,No,82.6,7.8,Fair,1,Bachelor,Poor,1,No,57.2,1.7999999999999998,3.266666666666667,2.2302
23,Female,4.4,2.0,2.0,Yes,85.8,7.1,Good,4,Master,Good,5,No,77.3,4.0,5.366666666666667,3.7752000000000003
20,Male,5.9,3.3,2.8,Yes,79.9,5.5,Good,3,Master,Average,7,No,91.6,6.1,5.166666666666667,4.7141
23,Male,2.9,2.6,1.8,No,64.0,9.1,Good,6,High School,Good,8,No,70.7,4.4,7.7,1.8559999999999999
20,Other,3.2,3.2,5.0,No,100.0,6.7,Good,5,High School,Poor,2,No,57.6,8.2,4.566666666666666,3.2
21,Female,2.6,4.9,0.0,Yes,86.6,6.3,Fair,6,High School,Poor,4,No,60.2,4.9,5.433333333333334,2.2516000000000003
24,Male,2.0,0.6,3.0,No,89.0,7.7,Poor,6,High School,Good,2,Yes,50.5,3.6,5.233333333333333,1.78
23,Female,2.5,4.4,1.6,No,84.4,6.8,Fair,5,Bachelor,Average,4,No,51.3,6.0,5.266666666666667,2.1100000000000003
19,Male,1.7,2.6,2.6,No,77.6,7.0,Good,4,Bachelor,Good,6,No,53.5,5.2,5.666666666666667,1.3191999999999997
22,Male,3.6,1.4,2.3,No,83.1,9.5,Good,5,Bachelor,Poor,6,No,79.2,3.6999999999999997,6.833333333333333,2.9916
17,Male,2.3,0.9,1.0,No,69.0,6.2,Fair,1,Master,Average,2,Yes,47.2,1.9,3.0666666666666664,1.5869999999999997
20,Male,3.9,2.3,2.1,No,100.0,6.1,Poor,6,Bachelor,Good,4,No,73.4,4.4,5.366666666666667,3.9
18,Male,1.2,3.6,0.0,No,72.7,6.6,Poor,4,High School,Average,4,Yes,41.1,3.6,4.866666666666666,0.8724
24,Male,4.0,2.3,2.5,No,74.7,7.8,Fair,6,Bachelor,Good,1,No,77.8,4.8,4.933333333333334,2.988
20,Female,4.8,4.3,2.1,No,80.6,4.7,Fair,5,High School,Average,2,No,63.4,6.4,3.9,3.8687999999999994
18,Male,0.5,0.8,2.5,Yes,97.9,4.1,Poor,4,High School,Good,3,No,43.9,3.3,3.6999999999999997,0.48950000000000005
22,Male,4.1,2.5,3.0,No,85.1,5.8,Good,4,,Good,5,No,70.2,5.5,4.933333333333334,3.4890999999999996
22,Female,5.3,1.0,2.2,No,72.6,4.5,Fair,0,High School,Average,8,No,81.3,3.2,4.166666666666667,3.8478
22,Male,1.7,2.9,2.0,No,97.5,6.0,Good,0,High School,Good,6,No,50.2,4.9,4.0,1.6575
18,Female,6.0,3.6,0.8,No,92.3,7.1,Good,0,High School,Good,3,No,87.9,4.4,3.3666666666666667,5.537999999999999
20,Male,4.1,2.0,1.0,No,90.4,5.4,Good,5,Bachelor,Average,6,No,80.9,3.0,5.466666666666666,3.7064
22,Male,2.4,0.0,3.1,No,92.2,4.8,Good,3,Bachelor,Good,7,Yes,63.9,3.1,4.933333333333334,2.2128
21,Male,3.4,2.7,3.4,No,100.0,6.6,Good,1,High School,Good,6,No,65.6,6.1,4.533333333333333,3.4
23,Male,4.3,3.0,1.5,No,100.0,7.5,Good,5,,Average,10,Yes,93.2,4.5,7.5,4.3
18,Male,3.6,3.0,1.9,No,78.1,4.5,Good,6,Bachelor,Average,6,No,74.0,4.9,5.5,2.8116
18,Male,4.3,4.0,0.8,No,100.0,7.5,Fair,0,,Average,1,No,60.8,4.8,2.8333333333333335,4.3
20,Male,2.1,1.2,3.1,No,88.8,7.5,Good,4,Master,Average,3,No,50.4,4.3,4.833333333333333,1.8648
18,Male,3.8,3.3,2.5,No,90.0,7.6,Good,5,Bachelor,Good,7,No,74.3,5.8,6.533333333333334,3.42
18,Male,1.4,3.9,3.9,Yes,68.1,8.0,Good,4,High School,Average,4,Yes,32.8,7.8,5.333333333333333,0.9533999999999998
22,Male,3.3,0.4,0.8,No,83.3,9.1,Good,6,High School,Good,4,Yes,82.3,1.2000000000000002,6.366666666666667,2.7489
20,Male,2.1,2.9,1.4,No,76.9,6.1,Fair,4,,Average,7,No,60.4,4.3,5.7,1.6149
22,Female,2.4,1.9,2.1,No,93.3,6.6,Poor,4,High School,Average,9,Yes,60.0,4.0,6.533333333333334,2.2392
23,Female,5.4,2.4,2.5,No,95.7,6.0,Fair,2,High School,Good,2,No,77.5,4.9,3.3333333333333335,5.167800000000001
24,Male,5.1,2.9,1.6,No,64.3,6.5,Fair,3,Bachelor,Average,9,Yes,86.5,4.5,6.166666666666667,3.2792999999999997
23,Female,4.4,1.9,0.8,No,84.8,8.3,Good,1,High School,Average,3,No,76.9,2.7,4.1000000000000005,3.7312000000000003
24,Female,1.9,1.7,2.8,No,96.2,4.9,Fair,1,Bachelor,Poor,6,Yes,43.9,4.5,3.966666666666667,1.8278
22,Male,3.0,2.5,2.6,No,83.1,5.5,Fair,0,Bachelor,Average,4,No,51.3,5.1,3.1666666666666665,2.493
23,Female,5.3,1.2,0.8,No,92.3,8.2,Fair,2,High School,Average,1,No,83.3,2.0,3.733333333333333,4.8919
20,Female,3.7,1.2,3.3,No,88.5,7.7,Poor,5,,Good,9,No,82.7,4.5,7.233333333333333,3.2745
17,Male,7.0,3.3,3.1,No,88.4,6.1,Good,5,,Average,6,Yes,94.8,6.4,5.7,6.188
22,Male,4.1,1.1,1.9,No,82.3,7.5,Good,1,,Good,8,No,80.8,3.0,5.5,3.3742999999999994
24,Female,3.8,3.3,1.9,No,72.8,6.9,Poor,3,Bachelor,Good,2,Yes,58.3,5.199999999999999,3.966666666666667,2.7664
21,Female,3.0,3.1,2.4,Yes,73.8,8.3,Fair,4,High School,Average,7,No,66.3,5.5,6.433333333333334,2.214
24,Male,3.7,0.4,0.9,No,92.1,6.6,Fair,6,Bachelor,Average,6,No,87.9,1.3,6.2,3.4076999999999997
21,Male,3.3,1.7,1.8,No,85.2,7.7,Poor,0,High School,Good,2,No,60.5,3.5,3.233333333333333,2.8116
18,Male,4.6,3.9,0.0,No,83.6,9.7,Poor,3,High School,Good,2,No,84.8,3.9,4.8999999999999995,3.8455999999999997
23,Female,4.9,1.3,2.8,No,80.8,7.2,Good,1,Bachelor,Average,4,No,77.0,4.1,4.066666666666666,3.9592
21,Female,2.3,1.9,0.1,No,81.9,6.6,Fair,2,Bachelor,Average,4,No,61.7,2.0,4.2,1.8837
24,Male,1.5,3.1,3.5,No,95.5,7.4,Fair,0,High School,Average,3,No,44.0,6.6,3.466666666666667,1.4324999999999999
18,Male,0.7,3.4,1.4,Yes,81.6,6.1,Poor,1,High School,Poor,8,No,42.4,4.8,5.033333333333333,0.5711999999999999
17,Female,4.3,2.2,1.6,No,71.6,9.4,Good,5,Bachelor,Good,7,No,88.0,3.8000000000000003,7.133333333333333,3.0787999999999998
20,Male,1.8,1.8,1.1,No,92.4,6.7,Good,0,High School,Good,2,No,48.7,2.9000000000000004,2.9,1.6632
20,Male,0.3,4.2,1.5,No,83.0,6.2,Good,1,High School,Average,3,Yes,26.8,5.7,3.4,0.24899999999999997
20,Female,4.1,4.6,3.4,No,85.3,5.5,Poor,5,Bachelor,Good,10,No,81.6,8.0,6.833333333333333,3.4972999999999996
21,Female,7.2,3.7,0.0,No,100.0,7.8,Good,6,High School,Good,9,No,100.0,3.7,7.6000000000000005,7.2
17,Female,3.5,2.6,3.2,Yes,84.8,7.5,Fair,5,Bachelor,Average,5,Yes,74.0,5.800000000000001,5.833333333333333,2.968
21,Female,4.8,1.5,2.2,No,87.9,5.9,Fair,4,Bachelor,Poor,2,Yes,78.4,3.7,3.966666666666667,4.2192
23,Male,3.6,1.5,0.5,No,73.2,7.2,Fair,2,Bachelor,Good,3,No,70.7,2.0,4.066666666666666,2.6352
21,Male,3.4,3.1,0.6,No,82.8,4.7,Fair,4,Bachelor,Good,8,No,74.3,3.7,5.566666666666666,2.8152
17,Female,4.9,3.0,3.6,No,91.1,6.7,Good,1,Bachelor,Good,4,No,67.6,6.6,3.9,4.4639
17,Male,3.1,4.2,0.8,No,69.4,7.0,Good,6,Bachelor,Poor,2,No,64.7,5.0,5.0,2.1514
23,Male,3.9,3.3,0.5,No,87.0,8.5,Fair,3,Master,Average,2,No,64.1,3.8,4.5,3.393
17,Male,4.0,0.7,3.1,No,86.0,5.6,Good,6,High School,Poor,6,No,83.5,3.8,5.866666666666667,3.44
24,Male,2.5,3.8,2.2,No,85.4,5.0,Good,6,High School,Good,8,No,63.4,6.0,6.333333333333333,2.1350000000000002
17,Male,5.0,1.3,0.8,No,95.4,5.4,Good,6,Bachelor,Good,7,No,96.2,2.1,6.133333333333333,4.7700000000000005
20,Male,3.2,2.0,2.0,No,88.3,4.9,Fair,4,Bachelor,Poor,4,Yes,65.4,4.0,4.3,2.8256
24,Male,2.4,2.8,0.7,No,99.8,8.1,Fair,3,,Good,2,No,62.0,3.5,4.366666666666666,2.3952
24,Male,4.3,4.9,3.0,No,75.1,8.4,Fair,5,Master,Good,9,Yes,74.0,7.9,7.466666666666666,3.2292999999999994
23,Female,2.2,6.2,3.0,No,86.4,6.9,Good,1,,Good,4,No,46.7,9.2,3.966666666666667,1.9008000000000003
19,Female,3.5,3.2,2.4,No,85.8,8.0,Poor,2,Bachelor,Good,9,No,75.5,5.6,6.333333333333333,3.003
19,Female,3.5,2.3,2.2,No,74.3,6.7,Fair,3,Bachelor,Poor,5,Yes,78.1,4.5,4.8999999999999995,2.6005
17,Female,5.1,3.1,3.7,No,94.6,6.4,Fair,1,Master,Good,7,No,85.2,6.800000000000001,4.8,4.824599999999999
24,Female,4.2,3.6,1.8,Yes,100.0,6.1,Fair,3,,Poor,5,No,75.4,5.4,4.7,4.2
19,Male,3.5,2.1,0.5,Yes,84.8,6.1,Good,4,Bachelor,Average,2,No,64.2,2.6,4.033333333333333,2.968
19,Female,4.7,4.7,2.3,No,90.1,4.6,Good,1,High School,Good,6,No,69.7,7.0,3.8666666666666667,4.2347
17,Female,5.6,2.8,4.1,No,85.8,6.8,Good,4,High School,Good,7,No,90.3,6.8999999999999995,5.933333333333334,4.804799999999999
19,Female,4.3,3.1,0.7,No,77.9,6.5,Good,0,,Average,6,No,81.4,3.8,4.166666666666667,3.3497
21,Male,3.5,3.3,1.4,No,66.8,7.4,Fair,1,Bachelor,Good,3,No,65.0,4.699999999999999,3.8000000000000003,2.3379999999999996
18,Male,1.5,3.0,2.3,No,77.9,6.6,Fair,3,High School,Good,10,No,57.3,5.3,6.533333333333334,1.1685
23,Male,1.9,3.5,1.7,Yes,71.1,6.3,Fair,0,High School,Good,8,No,57.7,5.2,4.766666666666667,1.3508999999999998
18,Male,3.0,1.8,0.7,No,100.0,5.5,Poor,4,Bachelor,Poor,3,No,56.7,2.5,4.166666666666667,3.0
17,Female,2.6,1.8,3.0,No,83.8,6.6,Fair,4,Bachelor,Good,5,Yes,62.3,4.8,5.2,2.1788
20,Female,3.2,1.2,4.4,No,81.5,7.4,Good,3,Bachelor,Average,9,No,77.9,5.6000000000000005,6.466666666666666,2.608
23,Male,3.6,3.0,2.0,No,93.9,5.1,Fair,0,Master,Average,5,No,65.2,5.0,3.3666666666666667,3.3804000000000003
17,Other,4.3,3.4,0.8,No,73.8,6.6,Good,6,High School,Average,7,No,76.8,4.2,6.533333333333334,3.1734
24,Female,3.4,3.0,0.1,No,77.3,6.8,Fair,5,Master,Average,7,No,83.8,3.1,6.266666666666667,2.6282
20,Male,4.2,4.5,2.1,No,85.7,5.6,Poor,2,Master,Good,5,No,70.6,6.6,4.2,3.5994
18,Male,3.6,2.5,3.0,No,95.3,5.8,Poor,3,High School,Average,2,Yes,63.1,5.5,3.6,3.4308
17,Male,0.5,3.3,2.3,No,90.0,6.8,Fair,4,High School,Good,5,No,39.0,5.6,5.266666666666667,0.45
24,Male,2.1,1.2,1.8,No,87.5,5.1,Fair,1,High School,Average,7,No,66.7,3.0,4.366666666666666,1.8375000000000001
23,Male,3.3,2.0,1.2,Yes,85.8,6.9,Poor,0,High School,Good,7,No,72.2,3.2,4.633333333333334,2.8314
23,Male,1.7,3.3,0.6,No,89.0,5.4,Fair,5,Bachelor,Good,4,Yes,50.1,3.9,4.8,1.513
22,Male,4.4,3.5,2.7,Yes,87.0,7.8,Fair,2,Bachelor,Good,1,No,62.4,6.2,3.6,3.8280000000000003
24,Male,5.8,2.1,2.8,No,74.7,9.3,Fair,1,Bachelor,Good,6,No,96.6,4.9,5.433333333333334,4.3326
21,Female,5.3,2.4,0.1,No,85.5,5.5,Good,0,Bachelor,Good,3,Yes,85.8,2.5,2.8333333333333335,4.531499999999999
19,Male,3.2,0.7,3.5,No,74.3,7.1,Good,5,High School,Good,5,No,68.3,4.2,5.7,2.3776
20,Female,5.7,2.1,2.4,No,85.8,5.6,Fair,3,Master,Good,4,Yes,83.8,4.5,4.2,4.8906
24,Male,3.7,3.6,3.3,Yes,80.2,7.7,Good,5,High School,Poor,2,No,69.3,6.9,4.8999999999999995,2.9674000000000005
22,Other,3.0,3.2,0.3,No,100.0,5.0,Good,3,Master,Good,7,No,65.3,3.5,5.0,3.0
19,Male,2.6,3.1,0.3,No,84.6,7.1,Good,6,High School,Average,5,Yes,77.5,3.4,6.033333333333334,2.1996
19,Male,3.0,2.6,1.6,No,71.0,5.5,Fair,0,Master,Average,7,Yes,55.0,4.2,4.166666666666667,2.13
17,Other,2.9,2.5,2.4,Yes,83.7,6.3,Poor,5,,Good,9,No,65.2,4.9,6.766666666666667,2.4273000000000002
19,Female,3.8,1.7,3.8,No,90.2,5.3,Good,2,High School,Average,4,No,58.1,5.5,3.766666666666667,3.4276
21,Female,3.7,3.3,2.6,Yes,100.0,7.5,Fair,5,,Good,5,No,69.2,5.9,5.833333333333333,3.7
23,Male,3.5,3.0,1.5,Yes,79.1,5.5,Good,0,Bachelor,Average,9,No,67.4,4.5,4.833333333333333,2.7684999999999995
22,Male,4.2,3.1,0.7,No,69.2,7.2,Good,1,Master,Poor,10,No,79.9,3.8,6.066666666666666,2.9064000000000005
19,Female,5.3,1.9,3.2,No,93.2,6.1,Fair,1,High School,Average,4,Yes,85.7,5.1,3.6999999999999997,4.9396
17,Female,4.9,0.0,0.7,No,71.2,6.4,Fair,5,Master,Poor,5,No,96.2,0.7,5.466666666666666,3.488800000000001
21,Female,1.3,3.8,3.6,Yes,80.6,6.7,Fair,5,Bachelor,Good,5,No,40.4,7.4,5.566666666666666,1.0478
18,Female,0.0,1.9,1.5,No,82.4,5.6,Fair,3,Bachelor,Average,8,No,55.2,3.4,5.533333333333334,0.0
23,Male,4.9,1.5,3.5,No,84.3,6.8,Fair,0,Bachelor,Average,4,No,73.8,5.0,3.6,4.1307
23,Female,1.4,3.3,2.5,No,91.9,8.3,Fair,3,High School,Poor,4,Yes,46.5,5.8,5.1000000000000005,1.2866
22,Male,3.2,2.0,1.6,No,78.2,5.6,Fair,2,High School,Average,7,Yes,60.5,3.6,4.866666666666666,2.5024
23,Male,1.7,3.8,1.2,No,82.3,7.9,Poor,6,Master,Good,5,No,55.4,5.0,6.3,1.3990999999999998
19,Male,0.8,3.2,1.4,No,84.9,8.3,Good,1,Master,Average,6,No,45.1,4.6,5.1000000000000005,0.6792000000000001
17,Female,4.3,3.3,2.3,No,86.5,5.5,Poor,4,Master,Good,6,No,69.4,5.6,5.166666666666667,3.7195
23,Male,4.6,0.9,1.9,No,86.0,4.8,Good,4,Master,Good,6,No,81.3,2.8,4.933333333333334,3.9559999999999995
23,Male,2.6,4.0,1.1,No,89.4,6.9,Good,0,High School,Good,10,No,66.6,5.1,5.633333333333333,2.3244000000000002
18,Female,0.0,2.8,1.6,No,93.4,5.8,Fair,0,Bachelor,Good,5,No,26.7,4.4,3.6,0.0
18,Male,2.7,2.1,1.9,No,88.9,8.7,Good,4,High School,Poor,5,No,64.5,4.0,5.8999999999999995,2.4003
20,Female,4.1,2.7,0.0,No,89.5,6.5,Fair,0,Master,Average,9,Yes,87.1,2.7,5.166666666666667,3.6694999999999998
21,Male,1.3,0.4,2.3,Yes,69.2,5.5,Good,1,High School,Good,8,Yes,42.2,2.6999999999999997,4.833333333333333,0.8996000000000001
19,Female,3.8,3.0,0.7,No,85.5,5.1,Fair,2,Bachelor,Good,4,No,61.6,3.7,3.6999999999999997,3.2489999999999997
23,Female,3.5,1.3,0.5,No,89.8,7.8,Fair,2,Bachelor,Good,7,No,81.9,1.8,5.6000000000000005,3.1430000000000002
24,Male,4.4,0.9,0.0,No,92.3,5.8,Fair,3,High School,Good,8,No,96.5,0.9,5.6000000000000005,4.0612
23,Male,3.7,0.7,0.0,No,78.1,6.6,Fair,1,,Average,9,No,85.1,0.7,5.533333333333334,2.8897
17,Male,2.0,3.8,0.3,No,78.4,7.6,Fair,6,Master,Poor,5,No,58.5,4.1,6.2,1.568
20,Male,5.3,1.7,1.0,No,79.3,5.9,Fair,0,Bachelor,Good,3,Yes,78.4,2.7,2.966666666666667,4.2029
21,Other,3.3,4.3,3.9,No,90.4,6.4,Fair,0,High School,Good,4,No,56.4,8.2,3.466666666666667,2.9832
24,Male,3.5,1.9,1.2,No,95.3,6.5,Poor,6,Bachelor,Average,10,Yes,92.6,3.0999999999999996,7.5,3.3354999999999997
20,Female,2.1,0.5,2.0,No,80.9,7.3,Poor,3,Bachelor,Good,6,Yes,62.3,2.5,5.433333333333334,1.6989
22,Male,2.8,1.2,2.2,Yes,94.1,7.2,Fair,3,High School,Average,10,No,75.8,3.4000000000000004,6.733333333333333,2.6348
21,Female,2.2,4.0,1.9,No,86.2,6.2,Poor,0,High School,Average,5,Yes,47.1,5.9,3.733333333333333,1.8964
23,Female,3.2,2.3,1.7,Yes,83.8,6.6,Poor,0,Master,Good,9,No,66.3,4.0,5.2,2.6816
23,Female,6.1,1.8,0.5,No,82.9,6.1,Good,6,Bachelor,Good,3,Yes,98.3,2.3,5.033333333333333,5.0569
21,Male,1.4,2.7,3.4,No,92.5,4.7,Poor,1,Bachelor,Average,2,Yes,29.7,6.1,2.566666666666667,1.295
23,Male,1.1,3.1,3.8,No,88.3,6.8,Good,6,Bachelor,Poor,6,No,45.5,6.9,6.266666666666667,0.9713
19,Male,5.7,3.8,0.0,No,100.0,8.8,Fair,3,,Average,7,No,100.0,3.8,6.266666666666667,5.7
21,Female,3.2,4.2,0.7,No,76.5,5.4,Good,6,High School,Good,5,Yes,67.5,4.9,5.466666666666666,2.4480000000000004
20,Female,2.5,2.1,1.5,No,90.2,5.6,Fair,6,High School,Average,1,Yes,60.3,3.6,4.2,2.255
21,Other,5.1,0.9,0.7,No,79.7,5.5,Fair,6,High School,Good,3,No,87.0,1.6,4.833333333333333,4.0647
24,Male,2.6,2.0,2.4,No,76.3,7.4,Fair,1,Bachelor,Good,3,No,48.5,4.4,3.8000000000000003,1.9838
23,Female,6.2,2.8,1.0,No,84.9,7.0,Fair,5,Master,Good,4,No,100.0,3.8,5.333333333333333,5.263800000000001
19,Female,4.5,1.3,4.2,No,86.4,6.3,Fair,0,High School,Average,10,No,82.1,5.5,5.433333333333334,3.8880000000000003
19,Male,2.8,1.4,3.1,No,100.0,5.4,Poor,4,High School,Good,6,Yes,63.7,4.5,5.133333333333334,2.8
22,Male,6.7,2.9,2.0,No,83.2,6.6,Good,6,Bachelor,Average,5,No,100.0,4.9,5.866666666666667,5.574400000000001
20,Female,2.6,2.4,2.9,No,73.7,4.6,Fair,4,Master,Average,1,No,41.9,5.3,3.1999999999999997,1.9162000000000001
18,Female,4.6,2.5,3.0,No,87.7,6.7,Fair,5,Bachelor,Poor,6,No,72.7,5.5,5.8999999999999995,4.034199999999999
18,Female,3.9,1.6,1.2,No,64.3,7.5,Good,0,Master,Average,9,Yes,74.3,2.8,5.5,2.5077
21,Male,5.5,2.2,0.9,Yes,84.1,5.0,Fair,3,Bachelor,Good,1,No,88.7,3.1,3.0,4.6255
22,Female,5.8,1.4,1.9,No,85.2,4.7,Good,4,Bachelor,Average,8,Yes,96.6,3.3,5.566666666666666,4.941599999999999
17,Male,3.5,3.6,2.7,No,92.9,8.4,Fair,3,High School,Average,8,Yes,72.6,6.300000000000001,6.466666666666666,3.2515
21,Male,2.4,3.7,2.0,No,94.7,5.8,Good,4,High School,Good,3,Yes,52.4,5.7,4.266666666666667,2.2728
22,Male,4.2,0.3,0.1,No,80.0,7.9,Poor,3,High School,Poor,9,Yes,100.0,0.4,6.633333333333333,3.3600000000000003
20,Female,2.5,1.4,0.9,No,83.5,6.3,Good,6,Bachelor,Good,8,No,73.1,2.3,6.766666666666667,2.0875
20,Female,6.5,0.7,1.7,No,77.3,6.3,Good,4,Master,Average,3,No,100.0,2.4,4.433333333333334,5.0245
20,Female,3.7,1.7,1.7,No,73.7,7.0,Fair,3,Master,Poor,10,Yes,80.8,3.4,6.666666666666667,2.7269
20,Male,3.0,2.4,4.0,No,88.1,5.4,Poor,5,High School,Good,5,No,62.9,6.4,5.133333333333334,2.643
20,Female,3.8,0.8,0.3,No,72.3,6.7,Fair,1,High School,Poor,3,No,71.5,1.1,3.5666666666666664,2.7474
22,Male,1.5,1.4,2.4,No,80.9,6.0,Good,3,High School,Good,5,No,46.2,3.8,4.666666666666667,1.2135
22,Female,2.0,1.3,3.4,Yes,75.0,4.9,Fair,1,High School,Average,9,No,53.8,4.7,4.966666666666667,1.5
19,Male,5.3,2.7,4.3,No,90.5,6.9,Fair,1,Bachelor,Poor,4,Yes,74.2,7.0,3.966666666666667,4.7965
24,Male,2.5,2.6,1.4,No,100.0,6.2,Poor,0,Master,Poor,6,No,52.5,4.0,4.066666666666666,2.5
18,Male,1.9,1.6,2.3,No,72.0,6.3,Fair,6,Master,Poor,3,No,51.2,3.9,5.1000000000000005,1.3679999999999999
23,Male,4.3,2.7,2.4,Yes,66.5,5.0,Fair,5,Bachelor,Poor,3,No,60.6,5.1,4.333333333333333,2.8595
20,Female,5.3,1.8,2.0,No,83.8,8.4,Good,1,Bachelor,Good,5,No,91.5,3.8,4.8,4.4414
17,Female,4.6,2.2,1.7,No,85.2,7.6,Fair,2,Bachelor,Average,8,No,87.3,3.9000000000000004,5.866666666666667,3.9191999999999996
23,Male,5.0,4.5,2.3,No,87.2,7.7,Good,6,High School,Average,8,No,98.0,6.8,7.233333333333333,4.36
22,Female,2.4,4.1,0.0,No,80.5,6.1,Fair,1,Bachelor,Average,3,Yes,47.9,4.1,3.3666666666666667,1.932
17,Male,1.4,0.9,2.6,Yes,83.0,4.4,Poor,3,Bachelor,Good,8,No,51.0,3.5,5.133333333333334,1.162
17,Female,5.8,3.5,1.9,No,88.7,8.8,Fair,1,Bachelor,Good,8,Yes,90.0,5.4,5.933333333333334,5.1446
17,Female,3.0,3.5,1.6,No,95.4,6.4,Fair,3,High School,Good,3,No,54.1,5.1,4.133333333333334,2.862
19,Female,3.1,1.1,4.1,No,65.4,5.6,Good,3,High School,Good,10,Yes,58.4,5.199999999999999,6.2,2.0274
22,Male,5.5,3.5,1.1,Yes,81.3,7.0,Good,2,High School,Average,10,No,100.0,4.6,6.333333333333333,4.4715
17,Female,4.3,4.3,1.4,No,87.1,7.9,Fair,1,Master,Average,2,No,65.2,5.699999999999999,3.6333333333333333,3.7453
20,Female,4.2,1.2,4.0,No,75.8,6.5,Fair,1,High School,Good,10,No,85.3,5.2,5.833333333333333,3.1836
21,Male,6.7,1.4,0.9,No,100.0,8.0,Fair,4,Bachelor,Good,2,No,93.8,2.3,4.666666666666667,6.7
17,Male,2.5,3.7,1.2,Yes,78.6,7.8,Good,6,Bachelor,Average,9,No,78.8,4.9,7.6000000000000005,1.9649999999999999
19,Female,4.9,2.8,1.6,No,84.6,5.2,Good,4,High School,Average,7,No,85.0,4.4,5.3999999999999995,4.1454
23,Female,3.6,3.2,2.7,No,90.6,5.7,Good,0,Bachelor,Good,6,No,64.5,5.9,3.9,3.2615999999999996
22,Female,3.9,2.9,2.0,No,79.1,7.6,Fair,3,Master,Good,7,No,71.0,4.9,5.866666666666667,3.0848999999999998
24,Female,5.8,3.0,0.4,No,66.5,3.2,Fair,2,High School,Average,8,No,90.8,3.4,4.3999999999999995,3.857
19,Female,4.3,0.9,1.2,No,80.7,6.3,Fair,4,Master,Good,1,No,72.6,2.1,3.766666666666667,3.4701
17,Male,4.3,3.8,1.1,No,95.3,4.8,Fair,1,High School,Average,8,No,70.9,4.9,4.6000000000000005,4.097899999999999
22,Male,5.1,3.9,1.7,Yes,81.6,5.9,Fair,0,,Poor,3,Yes,65.1,5.6,2.966666666666667,4.161599999999999
21,Male,3.0,2.2,2.3,No,76.5,6.1,Poor,2,Master,Average,3,No,49.1,4.5,3.6999999999999997,2.295
17,Female,2.2,2.4,2.3,Yes,94.3,6.1,Poor,5,Bachelor,Average,6,No,62.7,4.699999999999999,5.7,2.0746
19,Male,1.9,0.7,0.0,No,81.7,5.8,Good,1,Master,Poor,4,No,51.5,0.7,3.6,1.5523
18,Female,0.6,3.1,3.0,No,79.9,5.2,Good,1,Bachelor,Good,4,No,18.4,6.1,3.4,0.4794
20,Female,6.6,3.2,2.1,No,86.5,9.3,Fair,5,Master,Average,4,Yes,100.0,5.300000000000001,6.1000000000000005,5.709
24,Female,1.8,2.4,3.3,Yes,92.7,8.7,Fair,3,Bachelor,Good,10,No,53.3,5.699999999999999,7.233333333333333,1.6686
23,Male,3.2,3.8,2.3,No,100.0,5.1,Fair,3,Bachelor,Poor,9,No,76.1,6.1,5.7,3.2
19,Female,3.1,2.1,3.0,No,93.3,8.4,Good,4,Bachelor,Average,8,No,85.6,5.1,6.8,2.8923
22,Male,4.0,3.2,2.3,Yes,96.6,6.0,Good,4,High School,Good,3,Yes,63.0,5.5,4.333333333333333,3.864
24,Female,4.7,1.3,3.3,Yes,79.9,6.7,Good,1,Master,Good,1,No,73.6,4.6,2.9,3.7553000000000005
24,Male,4.8,2.5,2.4,Yes,74.7,6.4,Good,6,High School,Good,1,No,76.2,4.9,4.466666666666667,3.5856
24,Male,2.6,2.3,1.7,No,85.6,5.7,Fair,1,Bachelor,Good,1,Yes,45.5,4.0,2.566666666666667,2.2256
17,Female,3.2,2.8,4.3,No,86.1,7.7,Fair,4,High School,Average,4,Yes,58.6,7.1,5.233333333333333,2.7552000000000003
20,Male,3.9,2.1,2.8,No,74.2,6.7,Fair,5,Bachelor,Average,6,No,77.8,4.9,5.8999999999999995,2.8937999999999997
17,Male,3.1,2.3,2.4,Yes,83.2,5.9,Fair,4,High School,Good,4,Yes,61.5,4.699999999999999,4.633333333333334,2.5792
22,Female,5.9,3.5,0.4,No,89.0,4.9,Good,1,,Good,3,No,71.4,3.9,2.966666666666667,5.251
17,Female,4.2,2.0,0.4,No,88.6,5.4,Fair,2,Master,Good,8,Yes,93.9,2.4,5.133333333333334,3.7211999999999996
18,Female,4.6,0.6,2.1,No,90.0,4.5,Poor,1,High School,Good,8,No,85.9,2.7,4.5,4.14
20,Female,4.5,4.6,2.0,No,87.9,6.5,Fair,2,Bachelor,Good,6,No,73.8,6.6,4.833333333333333,3.9555
20,Female,5.3,4.2,1.1,Yes,79.9,5.1,Good,2,High School,Average,9,No,83.3,5.300000000000001,5.366666666666667,4.2347
22,Male,3.8,0.9,2.0,Yes,79.9,6.2,Fair,1,,Good,10,No,79.7,2.9,5.733333333333333,3.0362
23,Male,1.6,3.3,3.5,Yes,73.0,8.1,Good,6,High School,Good,1,No,47.1,6.8,5.033333333333333,1.168
18,Male,4.1,1.9,2.6,No,100.0,7.9,Fair,6,Bachelor,Good,8,No,91.9,4.5,7.3,4.1
19,Female,2.5,2.8,0.5,Yes,85.1,6.5,Poor,0,,Poor,6,Yes,60.6,3.3,4.166666666666667,2.1275
17,Female,2.7,2.9,1.7,No,82.8,6.4,Fair,4,Master,Average,1,No,46.6,4.6,3.8000000000000003,2.2356000000000003
21,Male,4.4,2.2,0.9,No,75.7,8.8,Good,6,High School,Poor,4,Yes,84.2,3.1,6.266666666666667,3.3308000000000004
17,Male,5.4,1.6,1.4,No,100.0,7.1,Fair,3,High School,Average,5,No,95.5,3.0,5.033333333333333,5.4
24,Female,3.5,1.7,1.3,No,74.3,6.1,Good,1,High School,Good,7,Yes,73.5,3.0,4.7,2.6005
17,Male,4.0,1.4,1.3,No,80.7,4.8,Fair,2,,Poor,8,No,75.9,2.7,4.933333333333334,3.228
19,Female,6.1,1.5,0.4,No,89.2,7.0,Poor,1,Bachelor,Average,9,No,100.0,1.9,5.666666666666667,5.441199999999999
17,Female,3.9,2.4,1.7,Yes,91.0,7.5,Good,4,Master,Average,6,Yes,74.2,4.1,5.833333333333333,3.549
18,Female,7.4,1.6,1.2,No,94.6,5.7,Fair,5,Bachelor,Good,10,Yes,100.0,2.8,6.8999999999999995,7.0004
18,Male,4.3,3.3,0.0,No,100.0,6.8,Fair,6,High School,Average,9,No,94.9,3.3,7.266666666666667,4.3
20,Female,0.9,4.3,4.1,No,90.1,6.1,Good,6,High School,Average,4,No,27.6,8.399999999999999,5.366666666666667,0.8109
22,Female,4.6,1.8,3.0,No,74.4,6.3,Fair,6,High School,Average,8,No,86.2,4.8,6.766666666666667,3.4224
23,Female,4.1,2.8,1.4,No,82.4,3.5,Good,2,Master,Average,3,No,60.1,4.199999999999999,2.8333333333333335,3.3784
21,Female,5.4,3.1,1.8,No,88.1,6.2,Poor,3,High School,Average,4,Yes,91.3,4.9,4.3999999999999995,4.7574
24,Female,4.5,3.1,0.5,No,100.0,7.7,Fair,3,Bachelor,Average,10,No,93.8,3.6,6.8999999999999995,4.5
17,Female,3.3,2.6,3.7,No,71.0,5.7,Poor,6,High School,Good,4,Yes,61.6,6.300000000000001,5.233333333333333,2.343
17,Male,1.7,3.4,3.9,Yes,97.0,6.6,Good,3,High School,Average,6,No,41.7,7.3,5.2,1.649
19,Female,3.2,3.1,2.0,No,86.8,5.6,Fair,5,High School,Poor,9,No,74.5,5.1,6.533333333333334,2.7776
22,Female,2.2,1.0,2.9,No,93.4,6.9,Good,6,,Good,6,No,63.7,3.9,6.3,2.0548
18,Male,2.6,3.5,2.0,No,84.0,6.2,Good,0,Bachelor,Average,1,No,39.6,5.5,2.4,2.184
21,Female,4.4,3.6,0.3,No,76.6,5.4,Fair,2,High School,Good,5,Yes,87.5,3.9,4.133333333333334,3.3704
20,Female,6.0,1.6,1.3,No,92.5,8.1,Fair,5,Bachelor,Average,9,No,100.0,2.9000000000000004,7.366666666666667,5.550000000000001
18,Female,4.1,2.5,1.9,Yes,91.5,7.6,Fair,2,,Good,5,No,75.4,4.4,4.866666666666666,3.7514999999999996
24,Male,1.7,3.3,1.3,No,94.7,5.8,Fair,6,Master,Good,6,Yes,61.5,4.6,5.933333333333334,1.6099
22,Male,4.2,2.2,1.6,No,84.9,7.1,Fair,5,High School,Good,3,Yes,73.3,3.8000000000000003,5.033333333333333,3.5658000000000003
24,Other,5.3,3.8,1.7,No,79.0,7.1,Good,6,Master,Average,8,No,96.3,5.5,7.033333333333334,4.187
23,Female,2.6,5.3,1.7,Yes,69.4,7.3,Good,5,Bachelor,Average,10,No,67.0,7.0,7.433333333333334,1.8044000000000002
20,Male,3.3,1.6,1.9,No,93.2,4.5,Good,6,Master,Average,4,No,70.1,3.5,4.833333333333333,3.0756
23,Female,3.5,0.8,0.6,No,89.2,7.7,Good,0,High School,Good,4,No,84.2,1.4,3.9,3.122
19,Female,2.3,2.9,1.0,No,75.3,5.8,Good,2,Bachelor,Good,5,Yes,48.9,3.9,4.266666666666667,1.7318999999999998
24,Female,4.5,3.4,0.4,No,79.6,6.1,Fair,5,High School,Poor,10,No,98.8,3.8,7.033333333333334,3.582
19,Female,3.3,2.2,2.9,Yes,80.3,9.7,Good,0,High School,Poor,9,No,76.1,5.1,6.233333333333333,2.6498999999999997
17,Male,4.1,4.2,0.0,No,70.2,6.9,Good,1,High School,Average,8,Yes,80.4,4.2,5.3,2.8782
23,Male,2.2,0.9,3.1,No,76.8,6.0,Fair,6,High School,Poor,7,No,64.1,4.0,6.333333333333333,1.6896000000000002
22,Male,2.8,3.3,3.3,No,73.7,3.9,Good,4,Master,Average,5,Yes,59.4,6.6,4.3,2.0635999999999997
24,Female,4.6,1.8,1.5,No,80.9,8.2,Fair,5,,Poor,9,Yes,94.2,3.3,7.3999999999999995,3.7214
21,Male,2.9,4.6,0.0,Yes,77.6,4.9,Good,3,Bachelor,Good,9,Yes,67.8,4.6,5.633333333333333,2.2503999999999995
20,Male,6.1,4.9,1.4,No,68.7,5.3,Good,0,Bachelor,Good,10,No,96.1,6.300000000000001,5.1000000000000005,4.1907000000000005
18,Male,2.9,1.6,1.7,No,100.0,6.1,Good,0,Bachelor,Good,10,No,70.2,3.3,5.366666666666667,2.9
22,Female,3.8,1.8,0.7,No,97.5,8.2,Fair,5,Bachelor,Average,2,No,84.2,2.5,5.066666666666666,3.7049999999999996
22,Female,4.9,3.5,1.2,No,77.2,7.4,Good,0,High School,Good,4,No,75.4,4.7,3.8000000000000003,3.7828000000000004
19,Male,1.4,2.0,3.5,No,87.7,6.3,Fair,1,Bachelor,Good,8,No,41.7,5.5,5.1000000000000005,1.2278
23,Male,0.9,2.4,2.5,No,89.2,6.9,Fair,0,High School,Poor,1,No,23.1,4.9,2.6333333333333333,0.8028000000000001
24,Female,1.2,2.5,0.8,Yes,96.9,5.8,Good,4,Master,Good,5,No,50.3,3.3,4.933333333333334,1.1628
24,Male,5.4,0.2,0.0,No,76.8,6.7,Fair,4,Bachelor,Average,8,No,100.0,0.2,6.233333333333333,4.147200000000001
17,Male,2.7,2.5,1.4,No,95.9,6.6,Good,6,Master,Average,2,No,52.2,3.9,4.866666666666666,2.5893
17,Male,7.3,1.7,1.6,No,79.5,7.7,Fair,6,,Average,2,Yes,100.0,3.3,5.233333333333333,5.8035000000000005
20,Male,2.7,1.9,2.3,No,71.6,7.7,Fair,3,High School,Poor,8,No,71.2,4.199999999999999,6.233333333333333,1.9332
19,Male,3.8,4.2,1.2,No,92.2,7.1,Good,1,High School,Good,10,No,72.3,5.4,6.033333333333334,3.5036
22,Female,5.8,1.0,2.4,No,97.9,6.1,Fair,4,,Average,9,No,100.0,3.4,6.366666666666667,5.6782
24,Male,6.5,3.5,3.9,No,100.0,7.4,Poor,5,High School,Average,7,Yes,100.0,7.4,6.466666666666666,6.5
21,Female,6.6,2.2,2.7,No,73.0,6.4,Good,2,Bachelor,Poor,8,Yes,100.0,4.9,5.466666666666666,4.818
19,Male,5.3,2.2,1.7,No,92.0,5.2,Fair,2,High School,Good,5,No,93.1,3.9000000000000004,4.066666666666666,4.876
20,Female,5.0,3.4,1.6,Yes,80.9,6.0,Good,2,Bachelor,Average,1,Yes,67.7,5.0,3.0,4.045
20,Female,4.4,2.9,1.4,No,92.8,6.6,Fair,6,Master,Good,4,Yes,77.9,4.3,5.533333333333334,4.0832
19,Male,4.7,3.2,3.1,Yes,70.3,7.6,Fair,5,Bachelor,Good,2,No,80.3,6.300000000000001,4.866666666666666,3.3041
20,Female,2.7,3.7,1.1,No,72.4,6.3,Fair,0,High School,Average,3,No,44.3,4.800000000000001,3.1,1.9548000000000003
19,Male,2.3,2.1,1.8,No,77.2,5.0,Fair,5,High School,Average,3,No,54.7,3.9000000000000004,4.333333333333333,1.7755999999999998
18,Other,3.5,1.8,1.9,No,85.8,6.6,Fair,0,High School,Good,9,No,85.0,3.7,5.2,3.003
19,Male,3.2,1.2,1.2,No,78.6,6.6,Fair,2,High School,Poor,10,Yes,81.7,2.4,6.2,2.5152
23,Male,2.8,1.5,0.3,No,91.6,6.7,Fair,3,Bachelor,Poor,4,No,71.6,1.8,4.566666666666666,2.5647999999999995
19,Male,4.5,6.0,2.2,Yes,95.3,7.6,Poor,3,High School,Good,2,Yes,73.7,8.2,4.2,4.2885
20,Other,4.9,4.0,1.7,No,91.0,7.7,Fair,0,Master,Average,3,No,77.0,5.7,3.5666666666666664,4.4590000000000005
24,Female,3.6,0.9,2.4,No,100.0,5.8,Poor,2,Bachelor,Average,3,No,72.3,3.3,3.6,3.6
23,Female,5.7,0.9,1.2,No,89.2,5.8,Poor,5,Bachelor,Average,7,No,100.0,2.1,5.933333333333334,5.0844000000000005
20,Male,1.8,3.1,3.1,No,72.8,5.3,Good,3,High School,Average,8,No,54.0,6.2,5.433333333333334,1.3104
17,Female,3.2,3.2,0.8,No,98.6,7.3,Good,0,High School,Good,6,No,70.4,4.0,4.433333333333334,3.1552000000000002
17,Male,2.4,3.2,3.7,No,78.9,8.2,Good,5,Bachelor,Good,4,Yes,47.0,6.9,5.733333333333333,1.8936
24,Female,0.7,2.2,0.0,No,94.1,6.1,Fair,2,High School,Good,6,No,48.7,2.2,4.7,0.6587
24,Male,3.4,2.3,2.3,No,100.0,6.2,Good,1,High School,Good,1,No,47.6,4.6,2.733333333333333,3.4
23,Male,3.3,2.9,2.3,Yes,89.6,8.3,Good,2,High School,Average,10,No,81.1,5.199999999999999,6.766666666666667,2.9567999999999994
18,Male,5.8,2.6,0.9,Yes,70.0,7.1,Good,6,High School,Average,8,No,100.0,3.5,7.033333333333334,4.06
24,Male,4.4,0.0,2.3,No,75.8,7.0,Fair,2,Bachelor,Average,1,No,81.9,2.3,3.3333333333333335,3.3352000000000004
17,Female,2.0,2.2,3.2,No,98.2,5.1,Good,5,High School,Average,5,No,56.3,5.4,5.033333333333333,1.964
19,Male,6.3,1.5,0.0,No,83.3,7.3,Good,5,Bachelor,Good,2,Yes,100.0,1.5,4.766666666666667,5.2479
20,Female,5.3,2.7,2.4,Yes,85.8,5.4,Good,4,High School,Good,6,No,81.0,5.1,5.133333333333334,4.5474
17,Male,4.4,6.1,0.0,No,92.6,5.1,Poor,4,Bachelor,Average,9,Yes,84.9,6.1,6.033333333333334,4.0744
17,Female,3.2,2.9,0.7,No,92.0,6.1,Fair,5,Master,Poor,5,No,67.9,3.5999999999999996,5.366666666666667,2.9440000000000004
18,Male,2.1,2.1,3.6,No,87.8,5.8,Fair,5,Master,Poor,4,No,56.9,5.7,4.933333333333334,1.8438
23,Male,2.9,3.6,1.2,No,82.9,6.2,Fair,1,High School,Average,2,No,45.9,4.8,3.0666666666666664,2.4041
23,Female,5.1,3.1,0.5,Yes,81.9,4.8,Good,1,,Poor,3,No,76.0,3.6,2.9333333333333336,4.1769
22,Male,6.3,3.0,1.6,No,93.6,7.7,Poor,2,High School,Average,6,Yes,94.8,4.6,5.233333333333333,5.8968
18,Male,5.8,3.2,4.1,No,90.5,7.9,Poor,6,Bachelor,Good,8,No,99.3,7.3,7.3,5.249
19,Female,2.8,5.0,0.0,Yes,82.4,4.2,Fair,3,Bachelor,Good,8,No,71.0,5.0,5.066666666666666,2.3072
23,Female,1.8,1.1,0.6,Yes,95.8,7.7,Poor,6,Bachelor,Average,5,No,70.9,1.7000000000000002,6.233333333333333,1.7244
20,Male,3.7,3.1,3.4,Yes,83.7,5.5,Fair,1,High School,Average,5,Yes,59.8,6.5,3.8333333333333335,3.0969000000000007
24,Male,0.8,1.4,3.8,Yes,76.5,7.5,Good,2,Bachelor,Average,10,No,36.0,5.199999999999999,6.5,0.6120000000000001
18,Female,4.0,3.2,1.7,No,77.4,6.4,Fair,6,High School,Good,3,No,68.4,4.9,5.133333333333334,3.096
24,Male,3.3,1.4,0.4,No,75.2,6.5,Poor,0,Bachelor,Good,7,Yes,72.9,1.7999999999999998,4.5,2.4816
17,Male,2.8,2.0,4.1,Yes,82.3,6.3,Fair,4,High School,Good,6,No,57.3,6.1,5.433333333333334,2.3044
20,Male,1.1,2.1,3.6,Yes,97.3,8.0,Fair,6,Bachelor,Average,1,Yes,50.3,5.7,5.0,1.0703
20,Female,4.3,3.7,2.5,No,76.9,5.0,Poor,3,,Good,4,No,65.7,6.2,4.0,3.3066999999999998
17,Female,2.7,3.6,0.9,No,86.9,7.2,Good,2,High School,Poor,6,Yes,67.9,4.5,5.066666666666666,2.3463000000000003
18,Male,1.7,1.0,1.7,No,78.4,7.8,Good,6,Bachelor,Good,6,No,63.6,2.7,6.6000000000000005,1.3328
17,Male,0.0,2.6,1.6,No,82.4,7.4,Good,5,High School,Average,3,No,32.9,4.2,5.133333333333334,0.0
24,Male,3.5,1.6,2.2,No,69.9,9.3,Good,0,Bachelor,Average,6,No,67.7,3.8000000000000003,5.1000000000000005,2.4465000000000003
22,Female,6.2,1.0,3.4,No,82.8,5.9,Poor,4,Bachelor,Good,10,No,100.0,4.4,6.633333333333333,5.1335999999999995
20,Male,6.0,2.2,2.8,Yes,83.1,7.6,Good,0,Bachelor,Average,6,No,96.8,5.0,4.533333333333333,4.986
21,Male,2.8,2.1,0.6,No,90.4,6.4,Good,2,High School,Poor,9,Yes,71.0,2.7,5.8,2.5312
21,Female,2.6,5.4,3.3,No,87.2,8.0,Good,1,High School,Poor,9,No,59.8,8.7,6.0,2.2672
24,Male,4.2,3.0,2.1,No,73.0,6.5,Poor,4,Bachelor,Poor,2,No,64.2,5.1,4.166666666666667,3.066
19,Female,2.0,0.8,2.6,No,95.8,6.0,Good,0,High School,Poor,4,No,45.2,3.4000000000000004,3.3333333333333335,1.916
23,Male,4.0,1.8,3.4,No,87.1,8.1,Good,1,Bachelor,Poor,9,Yes,82.9,5.2,6.033333333333334,3.484
17,Male,4.6,3.7,0.6,No,87.0,5.9,Good,3,High School,Average,4,Yes,73.2,4.3,4.3,4.002
17,Male,5.3,5.0,1.8,No,84.9,4.8,Poor,2,High School,Average,8,No,79.6,6.8,4.933333333333334,4.499700000000001
19,Female,3.3,0.6,1.2,Yes,79.8,5.9,Good,2,High School,Good,10,No,73.0,1.7999999999999998,5.966666666666666,2.6333999999999995
19,Female,3.2,0.2,0.1,Yes,87.2,7.2,Good,4,,Average,3,No,72.6,0.30000000000000004,4.733333333333333,2.7904
24,Female,2.2,4.7,2.2,No,89.8,8.2,Good,0,High School,Poor,3,No,45.2,6.9,3.733333333333333,1.9756000000000002
24,Male,2.3,3.0,4.6,No,67.5,6.6,Fair,3,Bachelor,Average,9,No,51.8,7.6,6.2,1.5525
19,Female,3.2,1.5,0.0,No,79.6,8.1,Good,5,Bachelor,Good,10,No,92.0,1.5,7.7,2.5472
20,Male,4.1,3.1,1.8,No,82.5,4.9,Fair,4,High School,Good,8,No,77.8,4.9,5.633333333333333,3.3824999999999994
24,Male,4.9,0.0,2.5,Yes,87.6,6.0,Fair,5,Master,Average,1,No,97.2,2.5,4.0,4.2924
22,Female,2.3,2.5,1.9,Yes,96.9,6.2,Fair,4,Bachelor,Good,10,Yes,71.9,4.4,6.733333333333333,2.2287
24,Male,5.7,2.9,1.7,No,77.3,6.4,Good,0,Master,Good,2,Yes,69.1,4.6,2.8000000000000003,4.4061
17,Male,3.1,3.6,0.4,No,80.0,6.6,Poor,3,Bachelor,Good,3,Yes,59.6,4.0,4.2,2.4800000000000004
24,Male,3.5,1.3,2.1,No,79.9,7.3,Fair,0,Bachelor,Good,2,No,60.4,3.4000000000000004,3.1,2.7965
20,Male,2.4,2.6,1.0,No,77.0,6.0,Good,2,,Good,3,Yes,48.3,3.6,3.6666666666666665,1.8479999999999999
19,Male,0.0,1.4,0.0,No,81.5,6.7,Good,5,High School,Good,8,Yes,50.1,1.4,6.566666666666666,0.0
17,Female,4.8,2.8,3.1,No,92.7,6.4,Fair,1,,Good,6,No,74.9,5.9,4.466666666666667,4.4496
24,Male,4.6,1.4,2.9,Yes,74.5,5.4,Good,6,Bachelor,Average,7,Yes,85.6,4.3,6.133333333333333,3.4269999999999996
20,Female,3.1,2.0,1.9,No,89.3,6.4,Good,2,High School,Good,10,Yes,65.4,3.9,6.133333333333333,2.7683
22,Female,3.6,1.3,2.1,No,68.0,6.3,Poor,2,Bachelor,Good,10,Yes,82.4,3.4000000000000004,6.1000000000000005,2.4480000000000004
24,Male,4.3,3.3,3.0,No,79.4,6.3,Fair,5,High School,Poor,6,Yes,67.3,6.3,5.766666666666667,3.4142
20,Male,1.2,3.5,2.0,No,81.7,6.5,Poor,4,Bachelor,Good,1,No,34.3,5.5,3.8333333333333335,0.9804
22,Male,2.7,2.2,2.8,No,100.0,6.6,Fair,2,High School,Average,3,No,53.0,5.0,3.8666666666666667,2.7
19,Female,4.7,2.5,1.5,No,82.3,6.0,Fair,6,High School,Average,1,No,78.0,4.0,4.333333333333333,3.8681
24,Male,1.6,0.8,3.2,Yes,63.0,8.0,Good,3,High School,Good,10,No,58.2,4.0,7.0,1.008
22,Female,3.9,2.1,2.2,No,65.0,5.1,Good,2,High School,Average,9,No,73.7,4.300000000000001,5.366666666666667,2.535
17,Male,1.5,2.4,2.0,Yes,85.3,5.6,Poor,3,High School,Average,9,No,60.3,4.4,5.866666666666667,1.2795
19,Female,4.2,5.6,0.4,No,91.1,9.8,Poor,0,Bachelor,Poor,5,Yes,78.7,6.0,4.933333333333334,3.8262
17,Male,3.4,1.2,2.1,Yes,88.8,5.3,Fair,4,,Average,4,Yes,68.3,3.3,4.433333333333334,3.0192
21,Male,1.1,4.3,0.9,No,86.7,4.9,Fair,3,High School,Average,9,No,49.9,5.2,5.633333333333333,0.9537000000000001
18,Female,5.2,3.7,1.1,No,96.6,7.4,Fair,2,Bachelor,Average,9,Yes,100.0,4.800000000000001,6.133333333333333,5.0232
24,Female,2.4,2.8,0.9,No,79.6,4.0,Good,4,,Average,3,Yes,54.7,3.6999999999999997,3.6666666666666665,1.9103999999999997
22,Male,2.3,4.6,0.6,No,93.9,6.2,Good,6,Master,Good,5,No,58.7,5.199999999999999,5.733333333333333,2.1597
18,Female,3.8,2.9,4.1,Yes,68.7,9.1,Fair,4,Master,Good,3,No,70.8,7.0,5.366666666666667,2.6106000000000003
18,Female,5.2,3.0,3.3,No,76.0,4.6,Good,3,,Poor,10,Yes,87.1,6.3,5.866666666666667,3.9520000000000004
22,Female,2.0,2.4,3.9,No,66.9,4.1,Fair,3,High School,Good,2,Yes,29.5,6.3,3.033333333333333,1.338
19,Female,3.6,4.0,0.5,No,82.3,4.7,Good,1,High School,Poor,1,No,53.2,4.5,2.2333333333333334,2.9628
24,Male,4.1,3.8,1.9,Yes,84.5,7.6,Fair,1,Bachelor,Poor,10,No,73.0,5.699999999999999,6.2,3.4644999999999997
21,Male,4.5,1.7,0.4,No,86.1,7.8,Poor,4,Bachelor,Poor,2,Yes,71.1,2.1,4.6000000000000005,3.8745
17,Male,3.8,0.9,1.0,No,85.6,5.9,Good,5,Bachelor,Good,8,No,80.9,1.9,6.3,3.2527999999999997
20,Female,2.9,2.3,0.8,Yes,75.7,7.3,Fair,5,Bachelor,Good,8,No,75.1,3.0999999999999996,6.766666666666667,2.1953
17,Female,2.3,1.5,3.2,No,83.1,8.2,Good,1,High School,Average,3,No,52.4,4.7,4.066666666666666,1.9112999999999998
20,Male,3.6,2.4,1.4,No,70.0,8.6,Fair,2,Bachelor,Average,7,No,67.6,3.8,5.866666666666667,2.52
17,Male,1.9,4.0,3.0,No,98.6,6.2,Poor,0,Bachelor,Average,7,Yes,35.7,7.0,4.3999999999999995,1.8734
22,Female,0.0,2.0,2.5,No,82.0,3.7,Poor,4,Bachelor,Average,2,No,29.9,4.5,3.233333333333333,0.0
21,Other,4.2,2.4,4.3,No,80.1,5.5,Fair,0,Master,Good,9,No,70.7,6.699999999999999,4.833333333333333,3.3642
24,Female,4.9,2.6,0.2,No,100.0,6.0,Good,1,Bachelor,Average,3,Yes,89.3,2.8000000000000003,3.3333333333333335,4.9
20,Male,0.0,3.5,3.2,No,72.6,6.2,Fair,3,High School,Good,2,No,26.2,6.7,3.733333333333333,0.0
24,Male,2.0,0.0,3.1,No,73.7,6.3,Good,6,High School,Average,3,Yes,58.3,3.1,5.1000000000000005,1.474
24,Male,4.4,1.8,0.7,No,74.0,7.8,Good,4,High School,Good,2,Yes,78.4,2.5,4.6000000000000005,3.2560000000000002
24,Female,6.6,2.8,2.9,No,84.3,8.0,Good,1,,Good,8,No,100.0,5.699999999999999,5.666666666666667,5.5638
23,Male,3.5,3.9,2.2,No,89.3,6.3,Fair,2,Master,Average,5,Yes,66.8,6.1,4.433333333333334,3.1255
19,Female,2.4,1.9,1.5,No,92.4,7.8,Good,6,High School,Good,3,No,63.8,3.4,5.6000000000000005,2.2176
17,Male,3.2,0.2,0.9,No,100.0,6.9,Fair,4,Bachelor,Good,5,No,76.1,1.1,5.3,3.2
24,Female,5.6,3.2,1.0,No,62.5,6.6,Fair,4,Bachelor,Average,8,No,82.7,4.2,6.2,3.5
17,Female,2.5,1.7,4.1,No,91.1,7.6,Poor,5,,Average,7,No,65.0,5.8,6.533333333333334,2.2775
24,Female,2.3,1.1,1.8,Yes,79.4,6.6,Fair,3,Master,Good,6,No,66.8,2.9000000000000004,5.2,1.8262
20,Male,2.8,1.8,2.7,No,79.1,9.0,Poor,4,Master,Average,1,Yes,64.9,4.5,4.666666666666667,2.2147999999999994
19,Male,2.1,2.3,0.9,No,78.8,4.8,Good,3,Bachelor,Poor,10,No,63.1,3.1999999999999997,5.933333333333334,1.6547999999999998
19,Male,3.7,1.8,0.9,Yes,75.9,5.9,Fair,1,High School,Average,1,No,56.3,2.7,2.6333333333333333,2.8083
22,Female,5.9,0.0,3.0,No,100.0,6.3,Fair,2,High School,Good,1,Yes,93.6,3.0,3.1,5.9
23,Female,4.0,3.6,0.3,No,93.4,7.0,Good,6,High School,Good,10,Yes,91.9,3.9,7.666666666666667,3.736
22,Female,3.1,4.0,1.3,No,85.2,8.0,Fair,6,High School,Good,8,Yes,74.0,5.3,7.333333333333333,2.6412
22,Female,3.1,3.3,1.8,No,98.5,6.5,Fair,2,Bachelor,Average,8,No,62.7,5.1,5.5,3.0535
22,Female,1.2,1.1,1.9,No,69.9,4.8,Poor,4,Master,Poor,7,No,58.6,3.0,5.266666666666667,0.8388000000000001
22,Male,4.8,2.3,1.6,Yes,71.7,7.5,Good,4,Bachelor,Good,6,No,89.3,3.9,5.833333333333333,3.4416
22,Female,3.4,2.5,2.2,No,63.2,7.4,Poor,1,Master,Good,4,No,63.4,4.7,4.133333333333334,2.1488
21,Male,3.2,3.2,2.6,Yes,78.0,4.2,Fair,5,Bachelor,Poor,1,No,46.7,5.800000000000001,3.4,2.4960000000000004
19,Male,8.3,3.3,2.6,Yes,86.6,6.5,Fair,5,High School,Average,9,No,100.0,5.9,6.833333333333333,7.1878
22,Female,3.9,1.6,0.7,Yes,86.0,4.6,Good,5,Master,Poor,1,No,68.7,2.3,3.533333333333333,3.354
24,Male,2.4,2.6,1.5,No,86.5,5.7,Good,3,High School,Good,4,No,58.9,4.1,4.233333333333333,2.076
19,Male,2.9,3.0,3.1,No,70.9,5.4,Good,5,Master,Good,3,No,59.0,6.1,4.466666666666667,2.0561000000000003
19,Female,5.2,4.2,2.8,Yes,93.0,7.5,Poor,2,High School,Good,7,No,77.9,7.0,5.5,4.836
18,Male,3.7,3.3,0.3,Yes,87.4,6.6,Fair,6,High School,Good,5,No,72.3,3.5999999999999996,5.866666666666667,3.2338000000000005
21,Female,1.3,3.4,2.2,No,92.3,5.0,Fair,6,Master,Poor,5,No,49.7,5.6,5.333333333333333,1.1999
22,Male,4.9,2.6,0.0,Yes,66.1,7.6,Poor,3,Bachelor,Good,4,No,80.9,2.6,4.866666666666666,3.2388999999999997
17,Male,2.5,4.2,1.9,Yes,88.1,4.8,Fair,1,Master,Good,1,No,44.5,6.1,2.2666666666666666,2.2024999999999997
20,Male,6.3,3.0,3.9,Yes,73.1,6.9,Fair,2,Master,Average,5,No,85.3,6.9,4.633333333333334,4.6053
23,Male,5.1,1.5,0.8,No,81.0,5.5,Fair,6,,Good,4,No,83.2,2.3,5.166666666666667,4.131
24,Female,2.8,4.2,0.9,No,90.3,6.1,Good,2,Bachelor,Average,10,No,59.7,5.1000000000000005,6.033333333333334,2.5284
17,Male,5.4,3.3,2.6,No,85.9,7.1,Fair,6,High School,Good,8,No,98.1,5.9,7.033333333333334,4.638600000000001
21,Female,3.6,2.0,0.1,No,76.5,7.1,Good,0,Bachelor,Good,2,Yes,66.8,2.1,3.033333333333333,2.754
20,Male,4.8,1.9,1.1,No,85.1,8.1,Fair,1,Bachelor,Good,8,Yes,96.1,3.0,5.7,4.0847999999999995
21,Female,4.2,2.9,2.5,No,69.7,6.4,Fair,1,High School,Good,1,No,60.4,5.4,2.8000000000000003,2.9274000000000004
24,Female,2.2,3.1,1.1,No,96.5,6.9,Fair,0,Bachelor,Poor,4,No,33.8,4.2,3.6333333333333333,2.123
19,Female,2.5,2.7,1.5,No,82.9,6.0,Poor,3,Bachelor,Average,3,No,56.1,4.2,4.0,2.0725000000000002
20,Male,5.0,2.9,2.6,No,96.2,6.7,Poor,6,High School,Average,5,No,80.6,5.5,5.8999999999999995,4.8100000000000005
19,Male,3.0,4.5,2.3,Yes,79.7,7.0,Fair,6,Bachelor,Good,5,No,52.6,6.8,6.0,2.391
24,Male,2.9,3.8,2.1,No,79.8,6.4,Good,6,Bachelor,Good,5,Yes,52.1,5.9,5.8,2.3141999999999996
17,Female,2.1,2.7,1.4,No,77.4,4.3,Good,5,Master,Good,4,Yes,39.9,4.1,4.433333333333334,1.6254000000000002
24,Male,4.1,3.6,2.2,No,93.8,6.9,Poor,5,High School,Poor,8,No,84.0,5.800000000000001,6.633333333333333,3.845799999999999
17,Female,6.6,1.3,1.7,No,77.9,6.9,Good,5,High School,Good,3,Yes,97.7,3.0,4.966666666666667,5.1414
20,Female,1.9,3.0,2.3,No,91.4,5.7,Good,5,Bachelor,Good,4,No,43.3,5.3,4.8999999999999995,1.7366
20,Male,3.5,4.7,1.3,Yes,81.2,5.0,Good,5,,Good,1,No,55.9,6.0,3.6666666666666665,2.842
22,Female,5.6,2.2,1.6,No,65.2,8.3,Good,0,Master,Poor,7,No,84.6,3.8000000000000003,5.1000000000000005,3.6512
21,Male,3.4,1.5,0.7,No,79.3,7.1,Fair,1,,Poor,1,No,67.0,2.2,3.033333333333333,2.6961999999999997
22,Male,4.2,1.7,1.8,No,73.2,6.2,Fair,3,Bachelor,Poor,2,No,76.0,3.5,3.733333333333333,3.0744000000000002
21,Female,1.9,1.2,0.9,No,85.3,5.1,Fair,2,Bachelor,Good,7,Yes,56.9,2.1,4.7,1.6206999999999998
22,Female,4.1,1.6,0.6,No,73.1,5.5,Fair,5,High School,Good,1,No,77.5,2.2,3.8333333333333335,2.9970999999999997
19,Female,3.2,2.1,2.1,No,94.3,8.1,Fair,0,,Good,3,No,69.4,4.2,3.6999999999999997,3.0176
20,Male,5.0,0.8,2.0,No,84.1,6.7,Fair,6,Bachelor,Average,6,Yes,94.6,2.8,6.233333333333333,4.205
17,Male,5.3,2.5,2.7,Yes,83.2,5.8,Good,3,Bachelor,Average,6,Yes,93.4,5.2,4.933333333333334,4.4096
21,Female,7.4,3.6,1.3,No,91.6,7.1,Good,3,High School,Good,6,Yes,100.0,4.9,5.366666666666667,6.7783999999999995
24,Female,4.4,1.4,2.2,No,94.6,5.5,Good,3,Master,Good,2,Yes,63.6,3.6,3.5,4.1624
21,Female,4.0,4.3,2.4,No,84.8,8.3,Good,0,High School,Good,2,No,53.0,6.699999999999999,3.4333333333333336,3.392
17,Male,3.8,3.1,2.3,No,77.3,8.1,Good,2,High School,Good,6,No,67.8,5.4,5.366666666666667,2.9374
22,Female,3.0,3.7,0.9,No,67.3,5.9,Poor,5,Bachelor,Average,10,No,73.9,4.6000000000000005,6.966666666666666,2.0189999999999997
21,Male,4.0,1.7,2.0,No,78.1,5.7,Fair,3,High School,Good,5,No,66.5,3.7,4.566666666666666,3.1239999999999997
23,Male,3.1,3.5,2.2,No,78.8,3.4,Fair,0,Master,Good,7,No,49.9,5.7,3.466666666666667,2.4427999999999996
19,Female,3.8,1.2,1.8,No,86.1,4.7,Good,6,High School,Average,7,No,73.9,3.0,5.8999999999999995,3.2718
20,Male,5.5,3.6,0.0,No,81.5,4.9,Fair,1,,Average,5,No,80.3,3.6,3.6333333333333333,4.4825
17,Female,2.0,2.7,2.0,No,91.9,6.7,Good,6,High School,Average,8,No,71.7,4.7,6.8999999999999995,1.838
20,Male,5.2,3.2,4.2,Yes,78.9,6.1,Poor,0,Bachelor,Poor,10,No,83.3,7.4,5.366666666666667,4.1028
23,Male,5.5,1.1,1.4,No,84.4,4.9,Fair,0,Bachelor,Good,6,No,84.5,2.5,3.6333333333333333,4.642
21,Female,3.3,1.4,1.0,No,96.8,6.2,Good,0,Bachelor,Poor,5,No,74.9,2.4,3.733333333333333,3.1944
21,Female,0.3,3.2,2.2,No,88.4,7.1,Poor,3,,Average,4,Yes,34.0,5.4,4.7,0.2652
24,Female,2.6,1.4,2.1,Yes,84.4,7.1,Fair,0,High School,Average,7,No,63.0,3.5,4.7,2.1944000000000004
23,Female,5.4,3.1,3.1,No,79.0,4.2,Fair,1,Bachelor,Good,4,No,77.9,6.2,3.0666666666666664,4.266000000000001
17,Female,3.5,0.9,0.4,No,78.7,6.3,Fair,3,,Average,5,Yes,72.9,1.3,4.766666666666667,2.7545
24,Female,2.0,3.5,2.6,No,76.5,4.8,Good,6,Master,Good,5,No,53.2,6.1,5.266666666666667,1.53
19,Female,2.7,1.0,2.4,No,79.6,7.6,Fair,1,,Poor,1,No,57.3,3.4,3.1999999999999997,2.1492
24,Male,4.8,3.2,1.6,No,92.6,7.4,Fair,4,Bachelor,Poor,1,Yes,76.6,4.800000000000001,4.133333333333334,4.4448
18,Female,4.3,3.3,2.2,No,82.8,5.4,Poor,6,High School,Average,3,No,64.6,5.5,4.8,3.5603999999999996
17,Male,3.1,1.7,2.9,Yes,71.5,5.6,Good,0,Bachelor,Average,3,Yes,51.1,4.6,2.8666666666666667,2.2165
18,Other,2.9,3.2,2.8,No,100.0,5.9,Fair,5,High School,Average,2,No,63.0,6.0,4.3,2.9
23,Female,2.9,2.8,0.5,No,88.2,3.8,Good,5,,Poor,2,Yes,61.6,3.3,3.6,2.5578
22,Male,2.1,1.9,2.7,Yes,70.9,6.9,Good,3,High School,Good,6,No,62.5,4.6,5.3,1.4889000000000001
18,Female,5.9,1.3,1.7,No,80.6,6.2,Fair,5,High School,Good,1,Yes,87.1,3.0,4.066666666666666,4.7554
19,Female,3.0,0.1,1.9,No,86.1,7.7,Good,6,High School,Poor,6,Yes,82.5,2.0,6.566666666666666,2.583
24,Male,5.3,2.9,1.9,No,100.0,5.2,Good,3,Bachelor,Poor,5,Yes,80.9,4.8,4.3999999999999995,5.3
22,Female,5.8,0.6,1.6,No,73.9,5.8,Fair,6,Bachelor,Good,6,No,100.0,2.2,5.933333333333334,4.286200000000001
24,Female,5.0,2.6,3.1,No,94.8,4.7,Poor,0,Bachelor,Good,5,No,79.6,5.7,3.233333333333333,4.74
18,Male,2.9,2.2,1.7,Yes,99.0,5.3,Good,2,Bachelor,Average,7,No,71.2,3.9000000000000004,4.766666666666667,2.871
24,Female,4.1,3.3,0.6,Yes,78.7,5.1,Good,2,Bachelor,Good,1,No,62.7,3.9,2.6999999999999997,3.2266999999999997
23,Male,3.5,2.1,1.4,No,82.2,7.7,Fair,1,High School,Good,3,No,64.2,3.5,3.9,2.8770000000000002
22,Female,2.1,2.1,2.0,No,74.6,5.7,Fair,0,High School,Good,6,Yes,44.1,4.1,3.9,1.5666
23,Other,4.0,3.4,3.2,No,83.0,6.6,Good,5,High School,Average,1,No,61.7,6.6,4.2,3.32
18,Female,1.7,2.9,2.5,No,84.6,6.0,Good,0,Bachelor,Average,7,Yes,39.9,5.4,4.333333333333333,1.4382
23,Male,5.3,2.9,0.9,No,91.6,5.0,Good,4,High School,Poor,4,No,84.1,3.8,4.333333333333333,4.854799999999999
19,Female,2.8,3.1,4.5,No,95.9,6.3,Fair,2,,Good,3,No,40.7,7.6,3.766666666666667,2.6852
18,Female,3.8,0.7,2.1,No,77.5,7.2,Good,5,Bachelor,Good,10,No,81.8,2.8,7.3999999999999995,2.945
18,Male,3.9,3.4,3.2,No,65.3,5.1,Fair,6,High School,Average,9,Yes,77.0,6.6,6.7,2.5467
18,Female,3.1,3.2,1.6,No,84.8,7.5,Fair,6,Master,Good,1,No,65.7,4.800000000000001,4.833333333333333,2.6288
17,Male,4.4,1.3,2.4,No,87.9,5.5,Good,2,Master,Good,8,Yes,80.9,3.7,5.166666666666667,3.8676000000000004
24,Female,2.8,2.2,2.7,No,87.5,5.9,Good,0,,Good,1,Yes,47.4,4.9,2.3000000000000003,2.4499999999999997
17,Male,4.8,2.5,3.1,Yes,81.7,7.1,Fair,5,High School,Good,5,Yes,83.0,5.6,5.7,3.9216
17,Male,1.5,2.3,3.0,No,86.2,5.7,Fair,1,High School,Good,10,No,54.2,5.3,5.566666666666666,1.293
19,Male,3.7,2.9,2.8,No,100.0,6.5,Good,6,Bachelor,Average,8,No,82.5,5.699999999999999,6.833333333333333,3.7
22,Female,6.4,4.2,1.5,Yes,88.8,6.1,Fair,0,High School,Good,6,No,85.0,5.7,4.033333333333333,5.6832
24,Male,2.0,3.8,1.2,No,81.3,6.7,Good,1,Bachelor,Good,7,Yes,40.4,5.0,4.8999999999999995,1.626
23,Female,2.5,0.9,2.2,Yes,80.0,3.6,Good,5,Bachelor,Average,8,No,58.9,3.1,5.533333333333334,2.0
21,Male,4.3,3.2,2.8,No,83.3,4.3,Poor,2,High School,Poor,6,No,67.5,6.0,4.1000000000000005,3.5818999999999996
18,Male,3.8,4.1,1.6,No,100.0,7.2,Good,4,,Good,6,Yes,81.0,5.699999999999999,5.733333333333333,3.8
23,Female,4.0,3.0,3.0,No,83.2,7.7,Good,3,Bachelor,Average,6,Yes,74.7,6.0,5.566666666666666,3.3280000000000003
18,Female,4.2,3.8,3.4,Yes,84.8,5.4,Good,2,High School,Good,5,No,67.4,7.199999999999999,4.133333333333334,3.5616
19,Male,4.5,4.9,0.8,No,80.2,6.2,Good,1,Bachelor,Poor,8,No,72.2,5.7,5.066666666666666,3.609
18,Female,5.2,3.7,0.9,No,96.0,6.9,Good,0,High School,Poor,2,No,77.1,4.6000000000000005,2.966666666666667,4.992
17,Female,4.1,2.8,1.6,No,100.0,7.3,Poor,6,Bachelor,Average,7,No,87.9,4.4,6.766666666666667,4.1
24,Female,3.1,3.8,2.1,No,89.5,4.1,Fair,5,Master,Average,4,Yes,54.1,5.9,4.366666666666666,2.7745
21,Male,4.5,2.7,1.2,Yes,85.8,5.4,Good,2,Master,Good,1,Yes,62.9,3.9000000000000004,2.8000000000000003,3.8609999999999998
20,Male,6.3,2.5,3.3,No,85.4,6.1,Fair,6,High School,Good,5,No,95.6,5.8,5.7,5.3802
18,Female,3.3,2.1,2.3,No,61.2,7.3,Poor,6,High School,Poor,3,No,67.1,4.4,5.433333333333334,2.0196
23,Male,2.0,4.4,1.8,No,92.5,9.5,Good,4,Bachelor,Average,4,No,51.5,6.2,5.833333333333333,1.85
17,Female,5.2,1.5,0.2,Yes,86.3,6.2,Good,5,High School,Average,7,No,97.9,1.7,6.066666666666666,4.4876000000000005
20,Female,3.3,4.3,0.4,Yes,89.3,4.8,Poor,1,High School,Average,5,No,67.0,4.7,3.6,2.9469
21,Female,0.2,3.1,2.1,Yes,77.9,7.0,Good,5,Master,Good,4,Yes,31.5,5.2,5.333333333333333,0.15580000000000002
20,Female,4.8,0.8,0.0,No,81.2,8.1,Good,5,High School,Average,1,No,88.0,0.8,4.7,3.8976
17,Other,2.7,2.9,2.9,No,80.9,6.6,Fair,0,,Poor,6,No,53.4,5.8,4.2,2.1843000000000004
24,Male,3.4,0.0,1.6,No,95.2,5.4,Good,3,,Average,10,Yes,83.4,1.6,6.133333333333333,3.2368
24,Female,4.0,3.3,5.4,No,81.2,7.6,Fair,6,Bachelor,Poor,6,No,79.0,8.7,6.533333333333334,3.248
22,Male,3.8,3.6,4.3,No,100.0,7.3,Poor,1,Bachelor,Poor,7,Yes,69.9,7.9,5.1000000000000005,3.8
24,Male,4.6,1.8,1.6,No,89.3,5.3,Fair,0,High School,Average,1,Yes,60.1,3.4000000000000004,2.1,4.1078
22,Female,2.8,2.6,1.7,No,72.2,7.0,Fair,6,High School,Good,4,No,70.3,4.3,5.666666666666667,2.0216
20,Female,4.3,4.8,2.9,Yes,83.7,7.7,Fair,3,High School,Good,9,No,79.8,7.699999999999999,6.566666666666666,3.5991
19,Other,3.1,1.9,3.7,No,78.5,7.9,Good,0,Bachelor,Good,10,Yes,66.6,5.6,5.966666666666666,2.4335
23,Female,4.6,1.2,0.0,No,63.1,6.4,Good,3,,Average,6,No,91.7,1.2,5.133333333333334,2.9025999999999996
23,Male,4.4,4.3,0.0,Yes,100.0,6.1,Fair,3,Master,Average,2,No,70.1,4.3,3.6999999999999997,4.4
20,Male,2.1,4.9,1.1,No,92.0,8.0,Good,3,High School,Average,4,No,61.5,6.0,5.0,1.9320000000000002
18,Female,5.1,2.5,2.4,No,90.3,5.0,Poor,0,Master,Good,6,No,79.3,4.9,3.6666666666666665,4.6053
18,Male,2.7,3.7,2.3,No,86.7,7.0,Poor,5,High School,Good,4,Yes,63.9,6.0,5.333333333333333,2.3409
24,Male,4.7,4.1,3.0,No,71.2,4.9,Good,3,Bachelor,Poor,10,Yes,93.1,7.1,5.966666666666666,3.3464000000000005
23,Male,4.1,1.6,0.5,No,80.2,7.8,Poor,5,High School,Poor,7,Yes,89.8,2.1,6.6000000000000005,3.2882
23,Male,6.3,1.9,0.0,No,93.4,6.2,Fair,6,,Good,3,Yes,100.0,1.9,5.066666666666666,5.8842
22,Male,3.2,4.0,2.7,No,74.5,8.0,Good,6,Master,Good,6,Yes,61.8,6.7,6.666666666666667,2.384
19,Male,3.0,4.5,0.9,No,59.7,7.1,Fair,1,Master,Good,4,Yes,51.5,5.4,4.033333333333333,1.791
17,Male,3.5,3.2,0.0,No,82.7,5.0,Good,4,High School,Good,3,No,60.4,3.2,4.0,2.8945000000000003
18,Male,3.0,1.4,2.0,No,83.6,8.2,Fair,5,Bachelor,Good,3,No,67.2,3.4,5.3999999999999995,2.508
23,Other,4.7,4.9,2.7,No,86.4,8.4,Poor,6,Bachelor,Average,2,No,89.6,7.6000000000000005,5.466666666666666,4.0608
22,Male,1.1,1.9,1.7,No,92.3,7.6,Fair,4,Master,Good,3,Yes,48.3,3.5999999999999996,4.866666666666666,1.0153
21,Male,1.9,2.1,1.3,No,91.4,5.6,Fair,3,High School,Good,10,No,61.7,3.4000000000000004,6.2,1.7366
22,Female,1.9,2.9,1.6,Yes,87.6,6.1,Fair,4,Bachelor,Good,1,Yes,44.4,4.5,3.6999999999999997,1.6643999999999997
18,Male,4.9,4.4,1.4,Yes,97.0,6.7,Fair,4,High School,Average,3,No,77.2,5.800000000000001,4.566666666666666,4.753
18,Female,6.1,3.5,0.3,Yes,69.8,5.7,Good,3,High School,Average,9,Yes,100.0,3.8,5.8999999999999995,4.2578
22,Female,3.3,3.0,1.0,No,90.0,8.5,Good,5,Master,Average,4,No,73.0,4.0,5.833333333333333,2.9699999999999998
17,Male,3.2,3.1,2.4,No,91.3,6.7,Fair,3,High School,Average,3,No,68.5,5.5,4.233333333333333,2.9215999999999998
20,Male,3.6,2.6,2.2,No,72.6,3.3,Fair,1,High School,Good,8,No,61.0,4.800000000000001,4.1000000000000005,2.6136
18,Female,5.2,3.2,2.0,No,70.0,6.9,Fair,2,Bachelor,Poor,1,Yes,70.5,5.2,3.3000000000000003,3.6399999999999997
22,Female,2.1,0.0,0.7,No,77.5,6.1,Good,0,Bachelor,Average,5,No,52.5,0.7,3.6999999999999997,1.6275000000000002
23,Male,3.9,2.1,1.6,No,78.4,6.4,Good,3,High School,Good,1,No,62.8,3.7,3.466666666666667,3.0576
22,Female,5.0,2.8,0.0,Yes,92.5,6.1,Fair,3,High School,Poor,7,Yes,83.5,2.8,5.366666666666667,4.625
19,Male,4.3,1.1,2.0,No,78.9,7.5,Good,4,Master,Average,5,No,71.4,3.1,5.5,3.3927
20,Other,3.8,3.0,3.4,No,76.4,7.8,Fair,1,High School,Average,2,No,61.5,6.4,3.6,2.9032
21,Male,5.0,2.3,0.2,No,78.9,6.8,Poor,6,Bachelor,Good,1,No,75.4,2.5,4.6000000000000005,3.9450000000000003
17,Female,0.0,4.6,1.2,No,96.2,6.1,Poor,6,Bachelor,Average,7,No,42.0,5.8,6.366666666666667,0.0
24,Female,4.5,4.4,2.2,No,85.1,6.5,Fair,4,High School,Good,1,No,64.0,6.6000000000000005,3.8333333333333335,3.8295
21,Female,2.5,1.9,3.2,Yes,83.2,6.5,Fair,5,Master,Average,3,No,60.1,5.1,4.833333333333333,2.08
20,Female,0.8,2.3,1.3,Yes,83.9,5.5,Poor,3,Bachelor,Good,6,No,34.7,3.5999999999999996,4.833333333333333,0.6712000000000001
20,Male,4.3,2.4,1.0,Yes,97.9,7.2,Good,3,High School,Average,6,No,88.0,3.4,5.3999999999999995,4.209700000000001
20,Male,5.6,2.0,0.0,No,77.5,7.1,Fair,4,Bachelor,Average,7,No,100.0,2.0,6.033333333333334,4.34
21,Male,3.3,2.7,1.9,No,98.2,8.3,Fair,3,Bachelor,Poor,1,No,66.1,4.6,4.1000000000000005,3.2405999999999997
23,Male,4.9,1.6,4.0,No,87.1,8.0,Fair,5,Bachelor,Poor,7,No,95.5,5.6,6.666666666666667,4.2679
20,Female,5.9,1.1,2.1,Yes,83.4,5.7,Poor,2,Master,Average,2,Yes,86.4,3.2,3.233333333333333,4.9206
22,Male,5.5,3.2,1.8,No,100.0,7.5,Fair,0,High School,Poor,6,No,77.3,5.0,4.5,5.5
21,Male,6.0,3.3,2.2,No,74.4,5.4,Fair,0,High School,Average,8,Yes,90.2,5.5,4.466666666666667,4.464
24,Other,4.6,1.5,1.8,No,81.5,7.3,Fair,0,High School,Good,5,Yes,80.2,3.3,4.1000000000000005,3.7489999999999997
20,Female,3.6,3.6,0.9,No,72.7,5.9,Poor,2,,Average,10,Yes,72.9,4.5,5.966666666666666,2.6172
22,Female,1.1,1.7,2.7,No,94.5,5.3,Fair,3,,Average,3,No,35.8,4.4,3.766666666666667,1.0395
23,Other,3.1,2.8,2.0,No,100.0,6.8,Poor,4,Master,Good,8,Yes,72.8,4.8,6.266666666666667,3.1
19,Male,2.2,3.5,1.8,No,100.0,3.3,Good,6,Bachelor,Good,8,No,67.6,5.3,5.766666666666667,2.2
23,Male,6.8,2.5,0.7,No,97.2,4.4,Good,1,Bachelor,Poor,4,No,93.1,3.2,3.1333333333333333,6.6095999999999995
24,Female,3.2,3.0,3.2,No,83.0,6.3,Poor,3,Bachelor,Average,8,Yes,57.5,6.2,5.766666666666667,2.656
20,Female,3.7,1.9,2.5,No,81.3,6.6,Fair,2,Bachelor,Good,5,Yes,61.1,4.4,4.533333333333333,3.0080999999999998
24,Male,4.3,2.3,1.2,No,68.3,6.1,Poor,5,High School,Poor,5,No,77.4,3.5,5.366666666666667,2.9368999999999996
21,Female,3.6,2.3,2.9,No,100.0,4.6,Fair,2,Master,Good,3,No,69.6,5.199999999999999,3.1999999999999997,3.6
18,Male,6.0,1.6,1.3,No,89.7,5.5,Fair,6,High School,Poor,7,No,100.0,2.9000000000000004,6.166666666666667,5.382
20,Male,2.6,2.3,0.9,No,80.1,7.0,Fair,0,Master,Good,9,No,69.3,3.1999999999999997,5.333333333333333,2.0826
18,Female,3.8,0.6,1.0,No,98.3,7.2,Fair,3,Bachelor,Average,9,No,85.7,1.6,6.3999999999999995,3.7354
22,Female,2.4,1.9,0.0,No,75.3,6.5,Good,6,High School,Good,1,No,53.9,1.9,4.5,1.8072
19,Female,1.5,2.2,2.3,No,89.1,7.9,Fair,0,Bachelor,Average,1,No,43.7,4.5,2.966666666666667,1.3364999999999998
17,Male,2.6,2.2,0.0,No,83.3,7.0,Fair,1,Bachelor,Good,10,No,79.3,2.2,6.0,2.1658
24,Female,3.4,2.2,0.4,No,91.4,5.6,Fair,5,High School,Poor,5,No,71.3,2.6,5.2,3.1076
23,Male,2.9,2.4,0.0,No,84.4,6.2,Good,0,Bachelor,Average,1,Yes,61.4,2.4,2.4,2.4476
19,Male,2.5,3.1,1.7,No,70.5,4.8,Good,1,High School,Good,4,No,45.1,4.8,3.266666666666667,1.7625
20,Female,1.4,3.5,1.6,No,85.8,6.4,Fair,2,,Average,1,No,39.8,5.1,3.1333333333333333,1.2011999999999998
18,Female,3.4,1.7,1.4,No,95.5,7.8,Good,0,Master,Good,2,No,70.7,3.0999999999999996,3.266666666666667,3.247
23,Female,1.2,1.1,0.7,No,84.7,7.3,Fair,0,Bachelor,Average,2,Yes,35.6,1.8,3.1,1.0164
18,Female,4.6,1.2,0.5,No,92.8,8.2,Good,4,Master,Good,4,No,93.0,1.7,5.3999999999999995,4.2688
21,Female,3.6,1.9,2.3,No,74.5,6.1,Good,5,Bachelor,Average,8,Yes,83.2,4.199999999999999,6.366666666666667,2.682
18,Female,1.3,2.1,1.2,No,84.7,8.1,Poor,5,High School,Good,2,Yes,46.6,3.3,5.033333333333333,1.1011
21,Male,3.0,1.6,2.1,No,78.8,6.3,Good,6,Bachelor,Good,9,Yes,70.8,3.7,7.1000000000000005,2.364
22,Male,2.4,0.9,0.8,No,92.5,8.3,Fair,2,Bachelor,Average,9,No,78.3,1.7000000000000002,6.433333333333334,2.22
23,Male,4.0,2.0,2.0,No,85.3,6.5,Fair,4,Master,Good,2,Yes,70.7,4.0,4.166666666666667,3.412
23,Male,5.5,2.7,3.2,Yes,91.9,7.3,Fair,6,High School,Good,1,No,82.6,5.9,4.766666666666667,5.0545
17,Female,0.7,3.2,2.4,No,95.9,8.3,Good,1,Master,Average,10,Yes,50.3,5.6,6.433333333333334,0.6713
20,Female,3.7,1.8,1.3,No,91.9,6.3,Fair,6,Master,Good,10,No,80.9,3.1,7.433333333333334,3.4003
21,Male,3.3,2.0,2.1,No,87.7,6.8,Poor,1,Bachelor,Poor,9,Yes,75.4,4.1,5.6000000000000005,2.8941
17,Male,4.5,1.4,1.5,No,75.0,8.0,Good,2,Master,Good,2,Yes,83.7,2.9,4.0,3.375
18,Female,3.8,2.5,1.8,No,85.0,6.3,Poor,5,High School,Average,8,No,76.8,4.3,6.433333333333334,3.23
18,Male,2.4,1.5,1.4,No,79.7,4.9,Poor,1,Master,Poor,3,No,45.8,2.9,2.966666666666667,1.9128
17,Female,3.0,3.2,1.6,No,81.6,9.1,Fair,2,Bachelor,Average,1,Yes,58.4,4.800000000000001,4.033333333333333,2.448
23,Female,2.3,0.4,2.0,No,81.3,5.9,Fair,6,,Good,1,Yes,70.3,2.4,4.3,1.8698999999999997
18,Female,5.1,2.1,0.7,Yes,75.2,6.7,Fair,1,Master,Good,10,Yes,99.4,2.8,5.8999999999999995,3.8352
24,Female,3.5,2.9,0.7,No,65.4,7.9,Poor,3,High School,Good,2,No,62.9,3.5999999999999996,4.3,2.289
22,Female,6.4,2.7,0.3,Yes,78.3,5.8,Good,0,High School,Average,7,No,98.0,3.0,4.266666666666667,5.0112
22,Male,3.4,5.7,0.0,No,86.9,5.3,Good,6,Bachelor,Poor,6,No,74.7,5.7,5.766666666666667,2.9546
24,Female,2.4,2.9,0.5,No,71.5,6.8,Fair,5,High School,Good,2,Yes,50.4,3.4,4.6000000000000005,1.716
17,Female,1.2,1.3,2.0,No,85.2,4.3,Fair,6,High School,Good,4,No,49.4,3.3,4.766666666666667,1.0224
24,Male,0.8,2.4,0.8,No,100.0,6.2,Fair,3,Bachelor,Average,2,Yes,35.3,3.2,3.733333333333333,0.8
21,Female,1.1,0.4,2.4,Yes,95.2,6.8,Good,2,,Average,1,Yes,46.3,2.8,3.266666666666667,1.0472000000000001
21,Female,3.9,2.4,1.8,No,100.0,6.2,Poor,2,High School,Average,3,No,68.4,4.2,3.733333333333333,3.9
17,Female,4.3,1.5,0.0,No,88.9,4.6,Poor,6,,Average,4,No,84.2,1.5,4.866666666666666,3.8226999999999998
24,Female,1.1,3.6,2.5,No,96.7,8.4,Good,3,High School,Good,10,Yes,54.6,6.1,7.133333333333333,1.0637
21,Female,4.8,1.8,2.7,No,77.8,6.6,Fair,6,Bachelor,Average,5,No,88.0,4.5,5.866666666666667,3.7344
23,Female,2.8,2.4,0.7,No,78.6,8.2,Fair,0,Bachelor,Good,5,No,61.5,3.0999999999999996,4.3999999999999995,2.2007999999999996
24,Female,3.7,1.7,2.3,Yes,57.6,6.2,Good,0,Master,Average,7,No,75.7,4.0,4.3999999999999995,2.1312
23,Female,5.9,4.6,0.9,No,96.9,5.4,Good,4,Bachelor,Average,10,No,100.0,5.5,6.466666666666666,5.717100000000001
21,Female,4.8,2.1,1.9,No,100.0,6.8,Fair,1,High School,Good,8,No,82.6,4.0,5.266666666666667,4.8
22,Female,3.1,4.7,0.4,No,79.5,6.2,Good,4,Master,Good,9,No,71.5,5.1000000000000005,6.3999999999999995,2.4645
21,Female,2.2,3.5,0.0,No,82.5,5.1,Poor,0,Bachelor,Average,7,No,57.6,3.5,4.033333333333333,1.815
23,Male,0.3,3.1,1.4,Yes,77.5,8.3,Good,3,Bachelor,Good,5,No,36.1,4.5,5.433333333333334,0.23249999999999998
19,Female,2.4,2.9,1.7,No,88.8,5.8,Fair,1,Bachelor,Average,9,Yes,67.4,4.6,5.266666666666667,2.1311999999999998
20,Female,3.2,3.0,1.4,Yes,96.2,4.3,Good,3,Master,Good,8,No,74.8,4.4,5.1000000000000005,3.0784000000000002
18,Male,2.0,0.2,0.5,No,67.6,8.1,Good,4,Bachelor,Average,10,Yes,73.6,0.7,7.366666666666667,1.3519999999999999
24,Female,3.3,2.2,1.4,No,89.1,5.9,Good,2,High School,Good,9,Yes,79.5,3.6,5.633333333333333,2.9402999999999997
19,Male,3.6,3.5,2.1,No,82.2,5.8,Good,3,Bachelor,Poor,10,No,62.5,5.6,6.266666666666667,2.9592000000000005
21,Male,3.2,2.4,1.8,No,86.1,4.4,Fair,4,,Average,8,Yes,76.3,4.2,5.466666666666666,2.7552000000000003
22,Female,2.5,0.8,2.0,No,89.6,8.6,Fair,4,High School,Good,6,No,75.6,2.8,6.2,2.2399999999999998
17,Male,3.8,2.4,1.1,No,83.1,5.0,Fair,4,High School,Good,4,No,64.4,3.5,4.333333333333333,3.1577999999999995
21,Female,4.2,4.5,3.1,No,84.0,6.6,Good,2,High School,Average,9,No,75.3,7.6,5.866666666666667,3.528
22,Female,1.9,4.0,0.5,Yes,82.9,7.6,Good,2,,Average,9,Yes,50.4,4.5,6.2,1.5751000000000002
20,Female,5.6,2.4,2.3,No,94.7,7.0,Fair,6,High School,Average,10,Yes,100.0,4.699999999999999,7.666666666666667,5.3032
21,Male,3.4,3.6,3.1,No,89.2,6.4,Good,2,Bachelor,Good,10,No,76.4,6.7,6.133333333333333,3.0328
23,Male,3.5,2.1,2.3,No,87.2,4.5,Good,1,Bachelor,Good,9,No,69.9,4.4,4.833333333333333,3.052
17,Female,4.6,0.5,1.6,No,72.3,5.5,Good,2,Master,Good,10,Yes,88.9,2.1,5.833333333333333,3.3257999999999996
22,Other,3.8,1.4,1.2,No,81.2,6.7,Good,2,High School,Average,3,Yes,70.4,2.5999999999999996,3.9,3.0856
22,Female,4.9,4.4,2.9,No,94.0,5.6,Fair,2,Bachelor,Good,3,No,69.4,7.300000000000001,3.533333333333333,4.606
22,Male,3.9,2.2,0.2,No,85.4,6.7,Poor,3,Master,Average,6,Yes,84.9,2.4000000000000004,5.233333333333333,3.3306000000000004
20,Female,2.6,2.2,0.7,No,91.6,7.3,Poor,2,High School,Poor,6,No,63.6,2.9000000000000004,5.1000000000000005,2.3815999999999997
21,Female,4.0,2.1,1.4,No,100.0,7.7,Fair,1,Bachelor,Good,6,No,82.2,3.5,4.8999999999999995,4.0
20,Female,1.8,4.8,3.2,No,95.4,5.0,Good,4,Bachelor,Good,5,No,37.4,8.0,4.666666666666667,1.7172
24,Male,3.7,4.5,2.2,No,85.9,9.1,Good,3,,Good,5,No,73.8,6.7,5.7,3.1783000000000006
18,Female,3.5,5.2,0.7,Yes,79.9,7.4,Good,0,Master,Good,2,Yes,53.4,5.9,3.1333333333333333,2.7965
18,Female,3.2,2.3,1.5,No,59.5,6.5,Good,2,Bachelor,Good,7,No,64.2,3.8,5.166666666666667,1.904
24,Other,3.3,2.9,1.1,No,83.3,7.8,Poor,6,,Good,4,No,70.4,4.0,5.933333333333334,2.7489
21,Male,0.7,0.7,1.0,No,81.7,9.3,Poor,6,,Average,3,No,51.5,1.7,6.1000000000000005,0.5719
23,Female,2.7,4.3,2.9,No,88.9,4.8,Poor,4,,Average,8,No,53.4,7.199999999999999,5.6000000000000005,2.4003
20,Female,3.6,1.1,0.3,Yes,83.5,6.2,Fair,4,High School,Good,4,No,77.2,1.4000000000000001,4.733333333333333,3.006
17,Male,3.7,2.8,3.6,No,81.8,3.6,Fair,3,Bachelor,Good,4,Yes,59.8,6.4,3.533333333333333,3.0266
22,Female,2.0,1.2,2.7,No,67.2,6.7,Poor,6,Bachelor,Average,8,No,55.4,3.9000000000000004,6.8999999999999995,1.344
22,Female,5.4,1.8,3.0,Yes,75.6,6.9,Fair,0,High School,Average,1,No,69.9,4.8,2.6333333333333333,4.0824
21,Male,2.2,1.5,1.3,Yes,89.8,6.5,Poor,5,Master,Average,9,No,71.6,2.8,6.833333333333333,1.9756000000000002
23,Male,5.0,1.8,1.6,No,100.0,5.7,Good,6,High School,Poor,7,No,92.9,3.4000000000000004,6.233333333333333,5.0
18,Female,4.1,1.9,0.2,No,84.0,4.0,Fair,6,,Good,2,No,72.4,2.1,4.0,3.4439999999999995
18,Male,2.5,1.8,1.2,Yes,88.3,6.9,Fair,1,High School,Average,6,No,70.5,3.0,4.633333333333334,2.2075
22,Female,6.2,3.5,2.3,No,94.5,8.2,Fair,5,Bachelor,Good,8,No,100.0,5.8,7.066666666666666,5.859
21,Male,1.7,1.2,3.2,No,76.9,5.8,Good,4,High School,Average,5,Yes,37.4,4.4,4.933333333333334,1.3073
20,Female,4.9,2.8,0.6,No,88.7,7.0,Fair,5,High School,Average,6,No,88.7,3.4,6.0,4.3463
18,Male,5.0,4.0,1.4,No,77.6,4.6,Fair,6,High School,Poor,10,No,88.6,5.4,6.866666666666667,3.8799999999999994
20,Female,2.5,1.9,1.6,No,93.6,7.0,Good,4,Bachelor,Good,8,No,68.5,3.5,6.333333333333333,2.34
23,Other,5.6,1.6,0.3,No,86.5,6.0,Fair,5,Master,Good,6,No,100.0,1.9000000000000001,5.666666666666667,4.843999999999999
18,Other,3.1,2.2,2.5,No,88.0,5.6,Good,4,High School,Good,9,No,66.9,4.7,6.2,2.728
18,Female,3.9,3.9,1.0,No,77.2,5.6,Fair,4,High School,Poor,9,No,71.5,4.9,6.2,3.0108
19,Male,3.9,2.7,1.6,No,92.1,6.0,Fair,3,Bachelor,Average,9,No,77.8,4.300000000000001,6.0,3.5918999999999994
18,Female,3.3,1.9,1.3,No,100.0,7.0,Poor,0,Bachelor,Poor,6,Yes,67.7,3.2,4.333333333333333,3.3
24,Male,4.7,3.1,0.9,No,74.9,4.9,Good,4,High School,Average,9,Yes,96.4,4.0,5.966666666666666,3.5203000000000007
17,Male,4.7,1.2,1.8,No,81.6,6.0,Fair,1,Master,Good,3,No,83.1,3.0,3.3333333333333335,3.8352
24,Male,0.9,3.3,1.6,Yes,87.3,6.5,Poor,6,Bachelor,Good,5,No,37.9,4.9,5.833333333333333,0.7857000000000001
21,Female,5.5,3.0,1.4,No,92.9,5.2,Fair,6,High School,Good,2,Yes,76.3,4.4,4.3999999999999995,5.109500000000001
21,Female,1.0,2.1,1.0,No,79.4,8.7,Fair,1,Bachelor,Average,8,Yes,52.6,3.1,5.8999999999999995,0.794
20,Female,5.0,1.5,2.2,No,56.7,5.5,Poor,2,Master,Average,4,No,83.6,3.7,3.8333333333333335,2.8350000000000004
24,Male,5.2,1.4,3.6,No,98.6,5.7,Good,4,Bachelor,Average,6,No,92.0,5.0,5.233333333333333,5.1272
24,Male,1.9,3.1,2.0,No,92.6,5.3,Good,4,,Poor,6,No,53.2,5.1,5.1000000000000005,1.7593999999999999
24,Other,2.9,4.0,2.9,No,67.6,8.7,Poor,4,High School,Good,5,Yes,56.4,6.9,5.8999999999999995,1.9603999999999997
23,Male,1.8,1.7,0.3,No,78.9,7.2,Fair,5,High School,Good,1,No,58.1,2.0,4.3999999999999995,1.4202000000000001
18,Male,3.2,3.1,2.0,No,100.0,5.4,Good,4,High School,Average,7,No,70.9,5.1,5.466666666666666,3.2
17,Male,3.0,0.0,0.6,Yes,99.5,7.8,Fair,4,Bachelor,Average,10,No,98.7,0.6,7.266666666666667,2.985
20,Female,4.7,1.8,0.2,Yes,94.4,6.7,Fair,1,Bachelor,Good,8,No,83.3,2.0,5.233333333333333,4.436800000000001
24,Female,5.5,2.5,1.0,No,83.2,6.8,Fair,0,Bachelor,Good,1,Yes,80.6,3.5,2.6,4.5760000000000005
24,Male,5.6,1.4,3.1,No,85.8,6.1,Good,0,Master,Good,10,No,91.3,4.5,5.366666666666667,4.804799999999999
19,Male,2.7,1.4,2.8,No,83.7,5.6,Good,2,High School,Average,7,Yes,63.5,4.199999999999999,4.866666666666666,2.2599000000000005
20,Female,3.2,1.7,2.1,Yes,96.3,6.9,Good,1,Master,Average,4,Yes,66.3,3.8,3.966666666666667,3.0816
24,Female,1.0,2.9,0.1,No,76.2,5.8,Poor,4,Bachelor,Good,6,No,49.9,3.0,5.266666666666667,0.762
20,Male,2.3,2.3,1.6,Yes,76.9,8.7,Fair,0,High School,Good,9,No,68.9,3.9,5.8999999999999995,1.7687
18,Female,4.9,0.0,2.1,Yes,95.1,5.0,Good,3,Bachelor,Average,5,No,94.2,2.1,4.333333333333333,4.6599
19,Male,5.9,0.0,2.0,Yes,84.6,8.3,Poor,3,High School,Good,8,No,100.0,2.0,6.433333333333334,4.9914000000000005
20,Male,1.6,1.8,0.0,No,98.8,6.4,Good,3,Bachelor,Good,5,No,58.6,1.8,4.8,1.5808
17,Female,2.6,3.0,0.8,No,78.3,6.9,Good,4,Bachelor,Average,2,No,53.2,3.8,4.3,2.0358
17,Male,3.5,0.0,1.7,No,84.5,7.5,Poor,4,High School,Average,4,Yes,70.5,1.7,5.166666666666667,2.9575
21,Female,3.9,1.9,2.4,No,75.8,5.7,Good,2,Bachelor,Average,2,No,64.0,4.3,3.233333333333333,2.9562
19,Male,2.3,1.9,0.0,Yes,85.1,7.5,Fair,6,Bachelor,Poor,7,Yes,77.4,1.9,6.833333333333333,1.9572999999999998
19,Male,4.1,4.2,1.6,No,70.2,3.3,Good,2,High School,Good,7,No,57.4,5.800000000000001,4.1000000000000005,2.8782
21,Other,2.8,2.0,2.0,No,80.1,5.6,Fair,2,,Average,3,Yes,59.9,4.0,3.533333333333333,2.2427999999999995
20,Male,3.5,3.0,2.7,No,70.6,5.4,Fair,5,High School,Good,7,No,66.7,5.7,5.8,2.471
19,Female,4.3,2.7,2.6,Yes,91.9,5.0,Good,3,Bachelor,Good,1,No,58.4,5.300000000000001,3.0,3.9517
17,Male,3.5,0.0,2.4,No,92.2,6.2,Good,4,Master,Poor,1,No,63.6,2.4,3.733333333333333,3.2270000000000003
17,Male,2.8,3.4,0.9,No,67.7,7.0,Poor,3,Master,Average,9,No,62.6,4.3,6.333333333333333,1.8956
24,Male,3.3,2.8,0.0,No,98.3,7.3,Fair,2,Bachelor,Good,6,No,70.6,2.8,5.1000000000000005,3.2438999999999996
18,Female,3.4,3.1,1.4,No,100.0,6.8,Poor,4,Bachelor,Good,5,No,75.2,4.5,5.266666666666667,3.4
19,Male,2.9,7.2,2.9,Yes,85.5,5.7,Fair,1,High School,Good,6,No,50.1,10.1,4.233333333333333,2.4795
20,Female,3.1,0.0,3.3,No,78.6,6.9,Fair,0,Bachelor,Average,6,No,72.8,3.3,4.3,2.4366
21,Male,5.9,4.6,2.6,Yes,100.0,6.6,Fair,0,High School,Average,1,Yes,72.7,7.199999999999999,2.533333333333333,5.9
21,Other,4.3,2.2,2.3,No,71.8,7.6,Fair,2,High School,Good,5,Yes,76.0,4.5,4.866666666666666,3.0873999999999997
20,Male,3.1,2.8,2.2,No,85.2,7.4,Poor,6,Bachelor,Good,9,Yes,74.1,5.0,7.466666666666666,2.6412
23,Female,4.5,2.4,1.2,Yes,86.8,6.5,Poor,3,,Average,4,Yes,79.0,3.5999999999999996,4.5,3.906
22,Female,3.0,2.0,1.7,No,98.5,5.4,Poor,1,Bachelor,Good,3,No,51.3,3.7,3.1333333333333333,2.955
18,Female,5.3,1.8,3.6,No,88.6,5.7,Fair,4,Bachelor,Average,1,Yes,71.0,5.4,3.5666666666666664,4.695799999999999
21,Female,4.1,2.9,0.8,Yes,80.0,5.8,Good,6,High School,Good,2,Yes,76.4,3.7,4.6000000000000005,3.28
19,Female,3.3,0.7,3.6,No,75.5,6.1,Poor,3,High School,Good,3,Yes,52.6,4.3,4.033333333333333,2.4915
18,Female,4.2,3.4,1.4,No,81.6,6.8,Good,2,Master,Average,4,No,74.0,4.8,4.266666666666667,3.4272
19,Male,1.1,2.0,3.3,No,74.9,7.4,Good,3,Bachelor,Good,7,No,42.6,5.3,5.8,0.8239000000000002
23,Male,1.8,1.1,0.3,No,85.5,6.4,Good,2,High School,Average,6,No,49.8,1.4000000000000001,4.8,1.539
17,Female,1.7,2.0,2.4,No,79.4,6.5,Good,5,High School,Average,8,No,45.7,4.4,6.5,1.3498
18,Female,3.7,4.0,1.0,No,70.1,6.7,Good,0,Bachelor,Poor,9,Yes,77.2,5.0,5.233333333333333,2.5937
24,Female,6.1,1.9,0.2,No,97.6,5.9,Poor,6,Bachelor,Poor,6,No,98.5,2.1,5.966666666666666,5.9536
21,Female,6.8,2.9,2.0,No,80.0,5.4,Fair,0,High School,Average,7,No,96.2,4.9,4.133333333333334,5.44
18,Male,4.5,1.6,2.9,Yes,72.3,4.4,Good,3,High School,Good,4,Yes,71.3,4.5,3.8000000000000003,3.2535
18,Male,4.3,3.4,0.9,No,83.3,5.7,Fair,1,Master,Good,2,No,59.2,4.3,2.9,3.5818999999999996
18,Female,0.8,3.3,0.2,No,85.7,7.1,Good,4,Bachelor,Poor,9,No,51.8,3.5,6.7,0.6856
22,Male,2.7,4.7,1.7,Yes,67.5,5.7,Poor,2,Master,Good,9,No,59.3,6.4,5.566666666666666,1.8225000000000002
18,Male,2.3,2.3,1.7,No,88.3,6.2,Good,4,Bachelor,Good,4,No,58.5,4.0,4.733333333333333,2.0309
19,Female,2.6,3.3,2.4,No,74.5,7.1,Fair,0,Master,Good,3,Yes,44.5,5.699999999999999,3.3666666666666667,1.937
17,Male,3.2,2.6,2.8,No,100.0,7.1,Fair,1,High School,Good,10,Yes,75.4,5.4,6.033333333333334,3.2
23,Female,2.8,4.1,1.7,Yes,90.2,5.2,Fair,1,Bachelor,Average,6,Yes,54.9,5.8,4.066666666666666,2.5256
20,Male,0.5,1.6,3.8,Yes,81.0,7.7,Good,4,,Average,3,Yes,30.2,5.4,4.8999999999999995,0.405
18,Female,4.6,3.4,2.0,No,77.5,7.9,Good,0,Bachelor,Good,1,Yes,71.8,5.4,2.966666666666667,3.565
21,Male,1.9,2.3,1.4,No,84.0,5.1,Fair,4,High School,Poor,4,No,51.8,3.6999999999999997,4.366666666666666,1.5959999999999999
18,Male,3.9,2.4,0.0,Yes,91.1,5.5,Good,3,High School,Poor,1,Yes,59.5,2.4,3.1666666666666665,3.5528999999999997
21,Male,6.6,2.6,1.5,No,84.7,7.9,Fair,1,Master,Poor,2,No,96.6,4.1,3.6333333333333333,5.590199999999999
19,Male,2.1,2.8,1.4,Yes,82.8,6.3,Poor,1,Master,Average,3,No,44.1,4.199999999999999,3.4333333333333336,1.7388
21,Male,0.0,2.4,2.9,No,85.6,3.8,Poor,3,,Average,8,No,30.5,5.3,4.933333333333334,0.0
24,Male,3.1,2.8,2.3,No,79.0,4.8,Poor,0,Bachelor,Average,10,No,63.7,5.1,4.933333333333334,2.4490000000000003
20,Female,5.2,4.4,0.5,No,81.6,6.2,Fair,1,High School,Poor,4,No,74.0,4.9,3.733333333333333,4.2432
17,Male,6.4,3.7,2.0,No,64.1,5.1,Fair,6,High School,Good,4,No,98.8,5.7,5.033333333333333,4.102399999999999
21,Female,1.7,3.5,2.5,No,94.7,6.0,Good,5,Bachelor,Good,10,No,53.0,6.0,7.0,1.6099
21,Female,4.2,2.0,3.5,No,88.0,6.5,Good,5,High School,Average,9,No,84.6,5.5,6.833333333333333,3.696
17,Female,2.8,1.4,2.8,No,77.3,8.3,Poor,5,Master,Poor,7,No,73.0,4.199999999999999,6.766666666666667,2.1644
20,Male,3.3,3.6,2.6,No,100.0,6.2,Fair,2,High School,Poor,2,Yes,57.1,6.2,3.4,3.3
18,Female,7.5,3.6,1.9,Yes,85.9,7.8,Fair,6,Bachelor,Average,3,No,100.0,5.5,5.6000000000000005,6.442500000000001
21,Male,1.2,4.3,2.2,No,74.6,8.2,Fair,2,Bachelor,Average,4,No,36.2,6.5,4.733333333333333,0.8952
17,Male,3.9,1.8,3.2,No,93.6,8.2,Poor,0,High School,Average,4,No,65.6,5.0,4.066666666666666,3.6504
24,Other,4.2,2.2,0.3,Yes,89.0,6.8,Poor,3,High School,Good,10,Yes,87.5,2.5,6.6000000000000005,3.7380000000000004
24,Male,5.1,0.5,1.4,No,88.9,4.1,Good,4,Bachelor,Average,8,No,100.0,1.9,5.366666666666667,4.5339
19,Female,3.6,2.0,1.0,Yes,80.7,7.1,Good,6,Bachelor,Average,10,No,85.6,3.0,7.7,2.9052000000000002
17,Female,4.0,3.7,2.2,No,89.5,7.8,Poor,0,High School,Average,10,Yes,89.4,5.9,5.933333333333334,3.58
19,Female,2.9,1.9,3.2,No,82.4,6.4,Fair,4,Bachelor,Good,6,No,66.9,5.1,5.466666666666666,2.3896
24,Female,3.9,3.3,1.1,Yes,90.6,8.6,Fair,0,,Good,3,No,56.0,4.4,3.8666666666666667,3.5333999999999994
20,Male,3.0,2.3,0.0,No,66.0,7.5,Good,2,High School,Good,9,No,77.9,2.3,6.166666666666667,1.98
18,Male,4.4,2.9,1.3,No,80.7,7.2,Fair,5,High School,Good,10,No,91.3,4.2,7.3999999999999995,3.5508000000000006
17,Female,2.9,1.1,2.8,No,100.0,7.8,Poor,3,,Average,8,No,68.4,3.9,6.266666666666667,2.9
23,Male,4.1,2.6,2.4,No,77.3,6.9,Good,2,Bachelor,Average,9,No,85.3,5.0,5.966666666666666,3.1693
24,Male,3.5,0.0,2.3,No,79.0,3.5,Fair,3,Bachelor,Good,5,Yes,64.4,2.3,3.8333333333333335,2.765
24,Male,5.2,2.3,1.5,No,80.5,5.9,Fair,6,Master,Poor,3,No,82.8,3.8,4.966666666666667,4.186000000000001
23,Male,3.4,0.5,0.4,No,72.9,7.9,Fair,4,Bachelor,Good,4,No,78.0,0.9,5.3,2.4786
22,Male,0.8,3.9,2.4,No,62.9,5.5,Fair,0,Master,Good,5,No,31.5,6.3,3.5,0.5032
24,Male,5.4,3.4,0.9,No,82.7,6.2,Fair,1,Bachelor,Good,9,No,92.3,4.3,5.3999999999999995,4.465800000000001
21,Female,2.1,3.1,4.2,No,86.4,5.2,Fair,1,Bachelor,Poor,9,Yes,50.1,7.300000000000001,5.066666666666666,1.8144000000000002
20,Female,2.5,4.3,2.4,No,84.5,8.6,Fair,3,Master,Good,3,No,49.4,6.699999999999999,4.866666666666666,2.1125
17,Female,2.6,1.4,1.2,No,83.6,8.5,Poor,5,Bachelor,Average,7,No,80.3,2.5999999999999996,6.833333333333333,2.1736
23,Male,5.6,4.6,1.1,No,85.4,5.4,Good,5,,Poor,6,Yes,89.7,5.699999999999999,5.466666666666666,4.7824
21,Male,0.3,3.6,1.7,No,95.2,6.7,Poor,3,Bachelor,Average,4,Yes,33.6,5.3,4.566666666666666,0.2856
23,Male,8.2,2.2,1.5,No,83.1,5.7,Poor,2,Master,Good,5,Yes,100.0,3.7,4.233333333333333,6.814199999999999
17,Female,5.1,3.9,3.0,No,79.3,7.2,Good,1,Bachelor,Average,10,No,90.6,6.9,6.066666666666666,4.0443
19,Female,3.8,1.2,2.0,No,82.2,7.1,Good,2,Bachelor,Average,2,Yes,66.3,3.2,3.6999999999999997,3.1236
17,Male,3.4,1.5,1.0,No,90.8,7.5,Good,4,Bachelor,Poor,7,Yes,86.1,2.5,6.166666666666667,3.0871999999999997
22,Female,3.9,1.8,3.9,No,99.1,6.9,Fair,1,Master,Good,4,No,65.5,5.7,3.966666666666667,3.8649
17,Male,4.3,1.9,1.9,No,78.7,10.0,Fair,4,,Good,2,No,82.9,3.8,5.333333333333333,3.3841
17,Female,4.5,1.2,2.6,No,86.0,5.3,Good,0,Bachelor,Good,6,Yes,76.3,3.8,3.766666666666667,3.87
22,Female,4.3,4.0,1.1,Yes,88.4,4.4,Good,2,High School,Average,2,Yes,59.0,5.1,2.8000000000000003,3.8011999999999997
20,Female,3.6,2.2,2.2,No,75.1,6.0,Fair,3,Bachelor,Average,10,Yes,76.1,4.4,6.333333333333333,2.7036
24,Female,3.2,2.9,2.1,No,85.2,4.6,Good,1,Bachelor,Good,2,Yes,40.3,5.0,2.533333333333333,2.7264
17,Female,3.3,1.8,0.0,No,70.3,4.7,Poor,2,High School,Average,7,Yes,65.2,1.8,4.566666666666666,2.3198999999999996
22,Male,3.2,0.3,4.0,Yes,67.3,5.3,Good,3,High School,Good,1,No,43.9,4.3,3.1,2.1536
21,Female,5.2,2.8,3.2,No,88.7,5.4,Good,0,Bachelor,Good,7,Yes,89.5,6.0,4.133333333333334,4.6124
19,Male,4.4,0.2,1.4,No,81.2,5.4,Good,1,High School,Average,10,No,80.7,1.5999999999999999,5.466666666666666,3.5728000000000004
19,Female,0.0,2.4,0.6,Yes,87.0,7.1,Good,4,High School,Average,5,No,53.0,3.0,5.366666666666667,0.0
17,Female,4.5,0.9,2.2,No,84.8,5.9,Good,0,Bachelor,Good,1,No,70.6,3.1,2.3000000000000003,3.816
20,Female,3.8,4.9,1.9,No,75.2,6.3,Poor,5,High School,Average,6,No,65.5,6.800000000000001,5.766666666666667,2.8575999999999997
20,Male,3.5,3.6,2.2,No,84.5,7.6,Fair,3,High School,Average,7,No,75.1,5.800000000000001,5.866666666666667,2.9575
21,Female,2.9,2.6,2.0,No,72.7,5.6,Poor,1,Master,Good,1,No,43.5,4.6,2.533333333333333,2.1083
17,Female,5.2,4.0,2.4,No,98.9,6.2,Fair,1,High School,Average,9,No,80.6,6.4,5.3999999999999995,5.1428
19,Female,4.9,1.5,3.4,No,71.4,6.9,Good,6,High School,Good,7,Yes,88.2,4.9,6.633333333333333,3.4986000000000006
20,Male,2.3,3.2,2.4,No,83.0,4.2,Fair,6,Bachelor,Poor,1,Yes,48.5,5.6,3.733333333333333,1.9089999999999998
17,Male,4.1,2.7,0.6,No,74.6,3.6,Fair,0,Bachelor,Good,3,No,67.3,3.3000000000000003,2.1999999999999997,3.0585999999999998
23,Male,2.0,2.8,3.3,No,90.7,6.9,Fair,1,Master,Poor,5,No,50.7,6.1,4.3,1.814
20,Male,1.4,4.0,3.6,No,81.7,7.1,Good,3,Master,Poor,4,No,35.4,7.6,4.7,1.1438
22,Female,2.6,3.4,5.3,No,79.8,9.0,Poor,0,Bachelor,Good,2,No,49.1,8.7,3.6666666666666665,2.0747999999999998
23,Male,4.8,2.8,0.6,No,93.5,6.7,Fair,4,High School,Good,1,No,85.4,3.4,3.9,4.488
24,Other,4.9,0.5,2.1,No,85.3,7.5,Poor,0,,Average,4,No,83.9,2.6,3.8333333333333335,4.1797
20,Male,4.3,1.3,0.0,Yes,90.2,6.3,Good,0,High School,Average,7,No,90.4,1.3,4.433333333333334,3.8786
19,Male,4.6,2.4,2.4,No,75.2,6.9,Poor,4,High School,Good,4,No,87.8,4.8,4.966666666666667,3.4591999999999996
18,Female,4.3,2.6,1.2,No,71.0,8.5,Good,5,Bachelor,Average,9,No,87.5,3.8,7.5,3.053
23,Female,2.5,1.1,3.9,No,86.1,4.0,Fair,6,Bachelor,Good,8,No,58.2,5.0,6.0,2.1525
24,Female,4.1,5.4,0.9,No,81.8,7.0,Poor,3,,Good,8,Yes,73.2,6.300000000000001,6.0,3.3537999999999997
21,Female,4.7,4.3,0.0,No,91.3,9.1,Good,5,Bachelor,Good,5,No,83.5,4.3,6.366666666666667,4.2911
21,Female,4.6,3.2,1.3,No,84.2,6.8,Poor,5,High School,Average,1,Yes,77.6,4.5,4.266666666666667,3.8732
19,Male,5.3,2.6,0.0,Yes,87.1,8.5,Fair,5,High School,Average,9,Yes,98.4,2.6,7.5,4.6163
20,Other,4.6,2.2,2.6,No,68.8,5.7,Poor,6,Bachelor,Good,2,No,78.5,4.800000000000001,4.566666666666666,3.1647999999999996
17,Other,4.0,1.4,0.0,Yes,100.0,6.5,Fair,2,High School,Poor,6,Yes,81.1,1.4,4.833333333333333,4.0
20,Female,5.1,2.6,1.8,No,83.4,6.5,Fair,6,High School,Average,10,No,100.0,4.4,7.5,4.2534
19,Male,3.5,2.8,0.0,No,92.0,3.8,Fair,5,,Poor,5,Yes,58.7,2.8,4.6000000000000005,3.22
21,Female,2.2,1.0,1.4,No,76.6,5.1,Poor,2,High School,Poor,10,No,62.6,2.4,5.7,1.6852
20,Male,3.3,2.9,3.6,No,88.1,5.2,Fair,4,Bachelor,Average,8,Yes,60.3,6.5,5.733333333333333,2.9072999999999993
21,Male,2.4,2.3,2.2,No,72.0,7.5,Good,6,Master,Average,3,No,63.9,4.5,5.5,1.728
23,Male,2.5,0.2,0.9,Yes,89.5,7.5,Good,3,High School,Good,6,Yes,80.0,1.1,5.5,2.2375
24,Male,3.3,1.5,1.8,Yes,81.4,6.9,Fair,5,High School,Average,6,No,62.6,3.3,5.966666666666666,2.6862
17,Female,2.3,2.0,1.8,No,85.3,7.5,Fair,1,Bachelor,Average,10,No,71.4,3.8,6.166666666666667,1.9618999999999998
23,Female,3.0,4.8,2.3,Yes,92.0,6.3,Fair,4,Master,Poor,3,No,60.6,7.1,4.433333333333334,2.7600000000000002
21,Female,0.7,3.2,0.3,Yes,72.7,7.9,Fair,2,High School,Good,7,Yes,47.2,3.5,5.633333333333333,0.5088999999999999
21,Male,3.8,0.9,2.5,No,78.2,6.5,Poor,6,High School,Average,4,Yes,78.1,3.4,5.5,2.9716
18,Male,3.5,3.1,0.0,No,89.6,6.6,Fair,3,Bachelor,Good,5,Yes,75.5,3.1,4.866666666666666,3.1359999999999997
18,Male,2.3,0.6,1.1,No,100.0,6.2,Fair,0,Bachelor,Good,9,No,73.5,1.7000000000000002,5.066666666666666,2.3
23,Other,4.5,3.8,1.3,No,83.6,7.3,Fair,3,High School,Poor,6,No,74.6,5.1,5.433333333333334,3.762
22,Male,4.9,1.9,2.5,No,90.9,6.0,Fair,3,Bachelor,Average,10,No,98.7,4.4,6.333333333333333,4.4541
23,Female,1.1,2.4,1.8,No,83.9,7.7,Good,5,High School,Average,4,Yes,49.2,4.2,5.566666666666666,0.9229000000000002
18,Female,2.4,4.1,0.3,No,100.0,5.1,Poor,5,Bachelor,Good,8,No,67.4,4.3999999999999995,6.033333333333334,2.4
21,Male,2.3,1.0,0.7,No,67.5,5.2,Good,6,Bachelor,Good,9,No,72.5,1.7,6.733333333333333,1.5525
19,Female,2.1,0.8,2.0,No,85.9,7.3,Good,6,Master,Good,10,Yes,68.4,2.8,7.766666666666667,1.8039000000000003
23,Female,4.7,1.8,1.7,No,68.7,6.4,Fair,2,High School,Average,5,No,70.0,3.5,4.466666666666667,3.2289000000000003
21,Female,3.2,3.7,1.2,No,59.9,6.0,Fair,6,High School,Good,2,No,56.1,4.9,4.666666666666667,1.9168
19,Female,3.1,0.7,1.3,Yes,88.0,7.6,Fair,2,High School,Poor,6,Yes,81.5,2.0,5.2,2.728
19,Male,0.5,0.0,2.6,Yes,86.4,5.8,Poor,5,Master,Poor,8,Yes,45.0,2.6,6.266666666666667,0.43200000000000005
18,Male,4.5,2.0,1.2,Yes,82.2,6.3,Fair,5,High School,Good,5,Yes,84.4,3.2,5.433333333333334,3.6990000000000003
23,Female,1.6,3.2,1.7,No,83.9,8.2,Good,1,High School,Good,1,No,36.8,4.9,3.4,1.3424000000000003
20,Female,3.6,3.9,4.2,No,100.0,8.3,Poor,1,High School,Poor,8,Yes,65.6,8.1,5.766666666666667,3.6
17,Male,3.9,1.9,0.2,No,82.4,8.4,Fair,4,Bachelor,Poor,9,Yes,93.5,2.1,7.133333333333333,3.2136
18,Female,5.5,2.0,0.0,No,90.1,6.2,Good,5,High School,Poor,1,No,93.7,2.0,4.066666666666666,4.9555
18,Female,1.5,3.9,2.7,No,78.5,8.0,Good,0,High School,Poor,8,Yes,42.3,6.6,5.333333333333333,1.1775
20,Female,0.0,0.3,1.1,Yes,88.0,5.4,Fair,1,High School,Average,10,Yes,53.3,1.4000000000000001,5.466666666666666,0.0
17,Male,3.8,2.0,1.4,No,82.6,5.4,Good,2,Master,Good,2,No,65.9,3.4,3.1333333333333333,3.1388
21,Female,6.2,2.7,0.9,No,80.9,3.7,Fair,3,Bachelor,Good,4,Yes,87.9,3.6,3.5666666666666664,5.0158000000000005
22,Female,5.4,3.0,1.5,No,100.0,8.5,Poor,6,Bachelor,Good,2,No,94.5,4.5,5.5,5.4
23,Male,3.8,1.9,3.6,No,96.8,5.5,Fair,6,Master,Good,2,No,77.8,5.5,4.5,3.6784
22,Male,2.8,2.5,2.7,Yes,86.4,6.3,Fair,4,Master,Average,10,No,74.6,5.2,6.766666666666667,2.4192
21,Other,4.7,0.0,2.7,Yes,62.0,5.4,Good,1,High School,Good,3,No,67.5,2.7,3.1333333333333333,2.914
24,Male,2.0,1.7,0.2,Yes,81.4,7.3,Poor,3,Master,Good,8,Yes,66.5,1.9,6.1000000000000005,1.6280000000000001
18,Female,4.2,3.0,0.5,No,100.0,6.0,Fair,3,,Average,4,No,78.4,3.5,4.333333333333333,4.2
17,Female,4.3,1.3,0.0,No,82.7,4.9,Fair,1,High School,Good,7,No,84.9,1.3,4.3,3.5561000000000003
18,Male,5.1,2.6,0.9,No,96.0,7.0,Fair,0,Master,Average,10,No,96.6,3.5,5.666666666666667,4.896
19,Female,7.6,3.0,2.9,No,99.4,4.8,Poor,0,High School,Good,3,No,100.0,5.9,2.6,7.5544
18,Male,4.1,2.1,2.4,No,87.2,5.5,Fair,4,High School,Good,10,No,83.1,4.5,6.5,3.5751999999999997
18,Female,2.7,2.7,1.6,No,76.6,4.0,Good,0,High School,Average,3,No,36.9,4.300000000000001,2.3333333333333335,2.0682
21,Male,3.5,1.3,1.8,Yes,60.6,4.8,Fair,4,Bachelor,Good,2,No,60.0,3.1,3.6,2.121
21,Female,0.8,2.3,1.0,No,91.8,6.7,Fair,2,High School,Poor,6,No,44.3,3.3,4.8999999999999995,0.7343999999999999
21,Male,2.5,3.2,2.0,No,76.9,4.1,Fair,1,Bachelor,Good,6,No,41.6,5.2,3.6999999999999997,1.9225
22,Male,2.9,2.7,2.6,Yes,86.8,4.7,Fair,3,Master,Average,1,No,45.5,5.300000000000001,2.9,2.5172
19,Other,2.7,1.8,0.0,No,72.5,6.5,Fair,4,Bachelor,Poor,7,No,68.2,1.8,5.833333333333333,1.9575
24,Male,3.7,2.8,2.1,No,82.3,5.8,Good,6,High School,Average,4,No,75.5,4.9,5.266666666666667,3.0451
24,Female,2.3,3.4,2.8,No,85.3,8.9,Good,0,Master,Good,3,No,40.9,6.199999999999999,3.966666666666667,1.9618999999999998
21,Male,5.2,0.0,1.3,No,87.7,8.7,Fair,6,High School,Poor,8,No,100.0,1.3,7.566666666666666,4.5604000000000005
17,Female,3.5,3.9,2.6,No,73.9,5.5,Fair,4,High School,Good,2,Yes,65.6,6.5,3.8333333333333335,2.5865000000000005
22,Male,3.5,2.1,4.9,No,97.0,7.2,Good,5,,Poor,9,No,75.9,7.0,7.066666666666666,3.395
20,Other,3.0,3.0,1.7,Yes,79.0,7.4,Fair,4,Bachelor,Good,8,Yes,69.8,4.7,6.466666666666666,2.37
17,Male,3.7,3.9,2.2,Yes,68.3,5.8,Fair,0,High School,Good,8,No,66.6,6.1,4.6000000000000005,2.5271
23,Male,4.7,0.9,1.0,Yes,83.9,4.7,Fair,5,High School,Average,3,No,84.5,1.9,4.233333333333333,3.9433000000000007
23,Male,2.2,1.6,2.0,Yes,85.3,6.5,Good,5,High School,Average,4,Yes,65.6,3.6,5.166666666666667,1.8766
17,Male,2.5,2.2,2.3,No,86.6,6.3,Fair,0,High School,Good,2,No,46.8,4.5,2.766666666666667,2.165
21,Female,3.0,1.6,2.0,No,98.6,6.0,Good,5,Bachelor,Good,2,No,67.7,3.6,4.333333333333333,2.958
20,Male,1.5,4.6,0.7,Yes,82.6,7.0,Good,1,Bachelor,Good,4,Yes,45.4,5.3,4.0,1.2389999999999999
20,Female,2.3,1.5,2.0,No,83.8,5.6,Fair,3,Bachelor,Average,6,No,57.0,3.5,4.866666666666666,1.9273999999999998
22,Male,2.8,1.8,3.4,Yes,74.0,5.1,Good,6,High School,Average,5,No,58.4,5.2,5.366666666666667,2.072
20,Male,4.8,2.7,2.3,No,93.2,6.6,Good,1,High School,Good,1,Yes,70.8,5.0,2.8666666666666667,4.4736
23,Female,3.9,1.1,2.9,No,86.8,7.0,Fair,1,Master,Average,10,No,75.7,4.0,6.0,3.3851999999999998
19,Female,3.8,2.0,1.5,No,80.8,5.1,Poor,0,,Average,1,No,55.7,3.5,2.033333333333333,3.0704
21,Male,4.8,2.9,2.6,No,66.0,7.6,Poor,0,Master,Average,6,Yes,82.1,5.5,4.533333333333333,3.168
20,Male,3.3,2.1,2.1,No,99.4,4.4,Fair,6,High School,Good,3,Yes,71.4,4.2,4.466666666666667,3.2802000000000002
22,Male,4.1,2.4,0.8,No,72.7,5.8,Fair,3,Master,Good,3,No,66.7,3.2,3.9333333333333336,2.9806999999999997
23,Female,3.3,1.9,2.2,No,79.1,6.2,Fair,4,High School,Average,7,No,70.9,4.1,5.733333333333333,2.6102999999999996
19,Female,3.9,0.7,0.7,Yes,88.6,5.7,Poor,1,High School,Poor,1,Yes,73.0,1.4,2.566666666666667,3.4553999999999996
18,Male,2.6,2.9,1.1,Yes,73.0,5.8,Good,5,Bachelor,Poor,1,Yes,53.9,4.0,3.9333333333333336,1.898
18,Female,0.0,4.6,2.0,Yes,70.1,8.7,Fair,3,Bachelor,Average,10,No,43.4,6.6,7.233333333333333,0.0
19,Female,3.3,2.5,2.1,No,63.8,5.5,Fair,1,High School,Average,3,No,55.4,4.6,3.1666666666666665,2.1054
23,Female,5.6,2.8,0.5,Yes,92.2,9.4,Fair,4,Bachelor,Good,8,No,100.0,3.3,7.133333333333333,5.1632
22,Female,4.9,3.3,3.0,No,79.5,7.0,Fair,5,Bachelor,Average,1,No,71.8,6.3,4.333333333333333,3.8955000000000006
19,Male,4.9,1.0,2.4,No,100.0,6.6,Fair,1,,Average,10,No,89.2,3.4,5.866666666666667,4.9
21,Male,5.4,4.5,1.0,No,75.1,7.1,Fair,2,,Good,4,No,83.9,5.5,4.366666666666666,4.0554
21,Male,3.6,2.7,0.1,No,75.8,9.5,Poor,6,High School,Average,9,No,89.1,2.8000000000000003,8.166666666666666,2.7288
18,Male,3.8,4.5,1.6,Yes,79.3,5.3,Good,3,High School,Good,4,No,53.5,6.1,4.1000000000000005,3.0133999999999994
20,Female,2.6,1.6,1.3,Yes,87.4,5.2,Good,6,Bachelor,Poor,10,No,72.9,2.9000000000000004,7.066666666666666,2.2724
22,Female,3.0,4.7,1.9,No,80.3,5.6,Fair,0,High School,Average,8,No,61.0,6.6,4.533333333333333,2.409
18,Male,4.4,3.4,1.4,No,91.1,6.5,Good,1,High School,Good,7,No,69.1,4.8,4.833333333333333,4.0084
20,Male,5.3,3.2,0.0,No,75.2,4.4,Good,5,High School,Good,3,No,77.2,3.2,4.133333333333334,3.9856
20,Male,3.3,2.8,1.4,Yes,71.2,6.5,Poor,5,Bachelor,Average,7,No,71.9,4.199999999999999,6.166666666666667,2.3496
24,Female,2.8,2.2,1.5,No,67.0,8.5,Good,3,High School,Good,7,Yes,74.7,3.7,6.166666666666667,1.876
21,Male,3.5,3.9,2.5,Yes,62.8,6.7,Good,3,,Good,10,No,74.5,6.4,6.566666666666666,2.198
23,Female,4.4,2.7,1.0,No,79.8,6.1,Fair,6,,Average,3,No,85.4,3.7,5.033333333333333,3.5112
17,Male,1.3,0.1,3.6,No,82.0,5.8,Poor,5,Master,Average,2,Yes,44.3,3.7,4.266666666666667,1.066
23,Male,0.1,1.2,0.0,No,78.7,7.6,Poor,5,High School,Good,9,No,53.4,1.2,7.2,0.0787
17,Other,2.7,2.3,3.2,Yes,97.4,5.5,Poor,5,Bachelor,Average,1,Yes,57.4,5.5,3.8333333333333335,2.6298000000000004
19,Other,1.7,2.9,1.6,Yes,97.3,8.7,Good,1,,Good,7,No,53.6,4.5,5.566666666666666,1.6541
21,Male,2.7,2.4,2.7,No,81.7,8.8,Fair,5,High School,Good,4,Yes,58.8,5.1,5.933333333333334,2.2059
20,Female,3.3,4.0,1.9,No,67.1,6.8,Good,0,Bachelor,Good,2,No,43.5,5.9,2.9333333333333336,2.2142999999999997
22,Female,2.8,0.2,3.1,No,79.3,6.5,Good,5,High School,Average,2,No,65.6,3.3000000000000003,4.5,2.2203999999999997
17,Female,5.7,2.7,1.4,No,79.0,7.7,Good,0,Master,Average,8,Yes,89.8,4.1,5.233333333333333,4.503
23,Male,4.0,0.3,0.6,No,78.4,7.8,Good,1,Master,Good,7,No,89.5,0.8999999999999999,5.266666666666667,3.136
20,Female,4.0,3.4,3.4,Yes,78.0,5.5,Poor,3,Bachelor,Average,7,Yes,68.8,6.8,5.166666666666667,3.12
17,Female,4.4,2.4,1.7,No,78.5,5.9,Fair,0,Bachelor,Average,5,No,76.8,4.1,3.6333333333333333,3.4540000000000006
17,Female,1.8,3.0,2.0,No,81.1,4.9,Good,1,High School,Average,10,No,47.5,5.0,5.3,1.4598
24,Male,5.1,1.5,3.2,No,78.6,7.0,Poor,5,High School,Poor,8,Yes,89.3,4.7,6.666666666666667,4.0085999999999995
17,Male,3.4,4.0,0.7,Yes,87.1,7.3,Poor,1,Master,Good,2,No,62.0,4.7,3.4333333333333336,2.9614
22,Male,4.5,3.8,2.5,No,88.6,4.9,Good,5,Bachelor,Average,2,Yes,66.1,6.3,3.966666666666667,3.9869999999999997
21,Female,1.9,3.2,1.2,No,75.9,6.0,Good,6,Bachelor,Good,5,No,41.7,4.4,5.666666666666667,1.4421
22,Male,1.2,2.3,1.7,No,97.7,4.9,Fair,1,High School,Poor,1,No,28.0,4.0,2.3000000000000003,1.1723999999999999
18,Female,4.7,3.2,1.9,No,75.2,5.4,Good,3,,Good,6,No,71.0,5.1,4.8,3.5344
20,Other,4.1,1.7,0.1,Yes,68.8,7.2,Good,0,Master,Average,4,No,67.5,1.8,3.733333333333333,2.8207999999999993
21,Male,2.1,3.5,0.9,No,88.8,5.6,Fair,6,High School,Good,6,No,63.4,4.4,5.866666666666667,1.8648
24,Female,2.2,4.5,3.3,No,76.8,6.1,Poor,3,High School,Good,7,No,50.2,7.8,5.366666666666667,1.6896000000000002
21,Male,5.2,3.8,2.8,No,88.2,4.5,Good,2,High School,Poor,3,No,72.0,6.6,3.1666666666666665,4.5864
21,Female,1.7,1.6,1.7,No,61.0,6.7,Fair,5,Bachelor,Good,8,Yes,67.9,3.3,6.566666666666666,1.037
23,Male,6.0,2.9,2.1,Yes,98.9,6.4,Poor,0,,Average,7,No,100.0,5.0,4.466666666666667,5.934000000000001
21,Female,2.1,0.9,1.5,No,91.7,5.6,Fair,3,Bachelor,Good,1,Yes,55.0,2.4,3.1999999999999997,1.9257000000000002
24,Female,4.5,3.2,3.3,Yes,70.0,6.3,Good,0,High School,Good,6,Yes,59.9,6.5,4.1000000000000005,3.15
22,Female,3.0,3.0,1.6,No,70.2,6.7,Fair,2,Master,Good,7,No,63.2,4.6,5.233333333333333,2.1060000000000003
21,Female,4.4,0.3,2.1,No,100.0,5.5,Fair,4,Bachelor,Good,4,No,84.5,2.4,4.5,4.4
19,Female,2.7,1.1,3.1,No,77.6,4.7,Fair,5,High School,Average,2,No,50.8,4.2,3.9,2.0951999999999997
20,Female,3.3,2.2,0.9,No,76.7,8.7,Good,5,Bachelor,Poor,10,No,94.0,3.1,7.8999999999999995,2.5311
21,Female,3.6,2.1,3.5,Yes,62.3,5.7,Poor,1,High School,Average,9,No,65.6,5.6,5.233333333333333,2.2428
20,Female,2.0,1.0,0.1,No,81.5,6.4,Fair,5,High School,Average,7,No,61.7,1.1,6.133333333333333,1.63
19,Male,4.6,3.0,3.6,No,82.7,7.7,Good,5,Master,Good,1,Yes,66.0,6.6,4.566666666666666,3.8042
19,Female,2.7,2.8,1.4,Yes,92.2,10.0,Poor,3,High School,Average,8,No,86.9,4.199999999999999,7.0,2.4894000000000003
20,Female,3.2,2.3,1.5,No,71.0,5.0,Good,6,High School,Good,3,No,59.6,3.8,4.666666666666667,2.272
17,Female,2.0,1.6,0.0,No,69.8,7.0,Good,5,High School,Average,4,No,49.1,1.6,5.333333333333333,1.396
18,Male,0.0,3.8,1.3,Yes,89.5,5.7,Good,5,High School,Average,5,No,31.1,5.1,5.233333333333333,0.0
23,Female,3.2,4.5,0.7,No,95.1,5.9,Fair,2,Master,Good,1,No,45.7,5.2,2.966666666666667,3.0432
17,Male,7.1,1.9,1.1,Yes,69.3,5.6,Good,6,High School,Average,6,No,100.0,3.0,5.866666666666667,4.920299999999999
17,Female,4.7,1.8,1.6,No,95.8,5.1,Good,2,Master,Good,10,No,81.1,3.4000000000000004,5.7,4.5026
22,Male,3.5,3.1,2.9,Yes,85.4,6.5,Good,0,Master,Average,6,No,55.1,6.0,4.166666666666667,2.9890000000000003
23,Female,3.1,2.1,2.0,No,95.9,4.7,Poor,0,High School,Good,2,No,53.3,4.1,2.2333333333333334,2.9729
23,Other,3.5,2.3,2.1,No,84.3,7.6,Good,5,High School,Poor,10,Yes,89.1,4.4,7.533333333333334,2.9505
17,Male,4.3,3.4,0.6,No,59.8,6.6,Fair,5,Master,Average,6,Yes,77.3,4.0,5.866666666666667,2.5713999999999997
21,Other,1.7,0.2,0.8,No,83.5,7.0,Poor,1,High School,Good,8,Yes,56.4,1.0,5.333333333333333,1.4195
22,Male,5.2,4.1,3.8,No,95.6,5.9,Fair,0,,Good,6,No,76.1,7.8999999999999995,3.966666666666667,4.9712
22,Female,4.6,2.6,1.0,No,76.1,6.1,Good,3,High School,Average,4,No,74.6,3.6,4.366666666666666,3.500599999999999
19,Female,4.6,2.0,3.6,Yes,81.1,6.8,Fair,5,Bachelor,Average,4,No,83.0,5.6,5.266666666666667,3.7305999999999995
24,Female,4.2,2.4,1.5,No,83.2,5.1,Fair,3,Bachelor,Average,9,Yes,85.9,3.9,5.7,3.4944000000000006
23,Female,3.5,2.5,1.8,No,56.0,6.1,Good,5,High School,Average,6,No,64.5,4.3,5.7,1.9600000000000002
17,Female,4.5,0.4,3.0,No,100.0,5.5,Fair,3,High School,Good,8,No,91.9,3.4,5.5,4.5
19,Male,4.4,4.3,3.2,No,76.0,5.4,Good,4,Master,Good,8,No,74.6,7.5,5.8,3.3440000000000003
20,Male,3.0,2.5,1.7,No,90.1,4.0,Fair,3,Bachelor,Poor,7,No,70.9,4.2,4.666666666666667,2.703
18,Female,2.6,3.0,1.4,No,84.1,8.1,Fair,6,Bachelor,Average,3,No,66.7,4.4,5.7,2.1866
24,Female,3.7,3.6,1.7,No,97.6,5.7,Good,0,Bachelor,Good,10,Yes,77.4,5.3,5.233333333333333,3.6112
24,Female,5.8,1.3,2.2,Yes,89.1,7.9,Good,5,High School,Average,1,Yes,99.0,3.5,4.633333333333334,5.167799999999999
24,Female,1.6,3.1,2.8,No,82.7,7.8,Fair,0,Bachelor,Good,5,Yes,43.5,5.9,4.266666666666667,1.3232000000000002
22,Male,1.3,2.2,1.8,No,76.1,5.0,Good,6,High School,Poor,10,No,53.4,4.0,7.0,0.9893
20,Female,3.7,3.5,2.5,No,93.0,5.2,Poor,6,High School,Good,10,Yes,81.0,6.0,7.066666666666666,3.4410000000000003
24,Male,3.6,0.0,3.6,No,66.3,9.6,Fair,3,Bachelor,Average,2,No,66.2,3.6,4.866666666666666,2.3867999999999996
20,Female,3.8,2.4,2.2,Yes,91.5,8.6,Fair,2,High School,Good,10,No,88.0,4.6,6.866666666666667,3.477
21,Male,3.9,1.8,2.1,No,74.0,6.5,Poor,2,Master,Average,2,No,64.4,3.9000000000000004,3.5,2.886
24,Male,3.2,3.0,0.1,No,97.5,6.8,Fair,6,High School,Average,7,No,82.4,3.1,6.6000000000000005,3.12
18,Male,5.7,3.1,0.0,Yes,86.6,5.7,Fair,2,Master,Good,3,Yes,80.9,3.1,3.5666666666666664,4.9362
20,Male,1.1,1.7,2.2,No,91.4,7.0,Poor,5,Master,Poor,8,No,59.6,3.9000000000000004,6.666666666666667,1.0054
20,Female,2.3,1.6,1.7,Yes,85.8,5.6,Fair,1,High School,Average,9,No,56.2,3.3,5.2,1.9733999999999998
18,Male,3.3,2.4,1.2,No,67.5,4.1,Fair,4,Bachelor,Average,8,Yes,72.5,3.5999999999999996,5.366666666666667,2.2275
24,Male,1.0,1.4,2.1,Yes,76.4,4.9,Fair,3,High School,Average,6,No,47.6,3.5,4.633333333333334,0.764
18,Male,3.2,3.5,1.7,No,91.7,6.5,Good,1,Master,Good,5,No,63.6,5.2,4.166666666666667,2.9344
20,Male,6.0,2.1,3.0,No,86.7,5.1,Good,2,High School,Good,3,No,85.3,5.1,3.3666666666666667,5.202
18,Male,3.5,0.0,1.9,No,96.8,6.4,Fair,3,Bachelor,Poor,3,No,71.8,1.9,4.133333333333334,3.388
20,Male,3.8,2.1,1.0,No,89.0,5.2,Good,1,High School,Good,7,No,70.9,3.1,4.3999999999999995,3.3819999999999997
20,Female,1.6,1.3,2.9,No,75.3,5.6,Good,0,High School,Average,5,No,41.7,4.2,3.533333333333333,1.2048
21,Female,2.6,0.5,1.6,No,77.0,7.5,Fair,2,High School,Good,6,Yes,76.1,2.1,5.166666666666667,2.0020000000000002
17,Female,2.9,1.0,2.4,Yes,86.0,6.8,Poor,1,High School,Average,6,Yes,65.9,3.4,4.6000000000000005,2.4939999999999998
20,Male,3.0,2.6,1.3,No,61.9,6.5,Good,5,Bachelor,Good,9,Yes,64.4,3.9000000000000004,6.833333333333333,1.857
24,Male,5.4,4.1,1.1,Yes,100.0,7.6,Fair,0,Bachelor,Average,1,No,69.7,5.199999999999999,2.8666666666666667,5.4
19,Female,4.3,2.9,1.9,No,89.4,7.1,Good,2,Bachelor,Average,8,No,74.9,4.8,5.7,3.8442
